TransactionID,Device,Site,StationName,Start,End,Account,Total_Energy (kWh),Duration,Meter Start (kWh),Meter End (kWh)
42307,559,UK-HBN-EB39A,Westland Road,25/07/2020 06:52,25/07/2020 07:07,Leeds Fleet Account,0.851,00:14:43,0,0.851
42308,559,UK-HBN-EB39A,Westland Road,25/07/2020 07:07,27/07/2020 06:50,Leeds Fleet Account,0,47:42:45,0,0
42311,575,UK-HBN-EB99B,Knowsthorpe HQ,25/07/2020 08:00,25/07/2020 09:41,Leeds Fleet Account,11.964,01:40:48,0,11.964
42322,575,UK-HBN-EB99B,Knowsthorpe HQ,25/07/2020 13:34,26/07/2020 09:52,Leeds Fleet Account,11.76,20:17:18,0,11.76
42346,575,UK-HBN-EB99B,Knowsthorpe HQ,26/07/2020 12:55,27/07/2020 09:24,Leeds Fleet Account,12.312,20:28:24,0,12.312
42347,575,UK-HBN-EB99B,Knowsthorpe HQ,26/07/2020 13:17,27/07/2020 09:55,Leeds Fleet Account,16.284,20:38:17,0,16.284
42353,560,UK-HBN-EB39B,Westland Road,27/07/2020 06:19,27/07/2020 07:18,Leeds Fleet Account,6.302,00:58:49,0,6.302
42362,560,UK-HBN-EB39B,Westland Road,27/07/2020 07:19,27/07/2020 07:59,Leeds Fleet Account,1.41,00:39:55,0,1.41
42366,616,UK-HBN-EB35,Discovery Centre,27/07/2020 07:40,30/07/2020 06:36,Leeds Fleet Account,0.29,70:55:32,0,0.29
42375,604,UK-HBN-EB143,Henshaw 3,27/07/2020 10:52,27/07/2020 14:25,Leeds Fleet Account,6.954,03:33:34,0,6.954
42380,577,UK-HBN-EB100A,Knowsthorpe HQ,27/07/2020 12:16,28/07/2020 09:25,Leeds Fleet Account,27.969,21:09:42,0,27.969
42382,559,UK-HBN-EB39A,Westland Road,27/07/2020 12:32,28/07/2020 08:23,Leeds Fleet Account,5.016,19:51:21,0,5.016
42383,577,UK-HBN-EB100A,Knowsthorpe HQ,27/07/2020 12:37,28/07/2020 09:37,Leeds Fleet Account,9.813,20:59:51,0,9.813
42391,560,UK-HBN-EB39B,Westland Road,27/07/2020 14:20,28/07/2020 06:51,Leeds Fleet Account,19.29,16:31:17,0,19.29
42394,553,UK-HBN-EB37B,Farnley Hall,28/07/2020 05:43,28/07/2020 12:15,Leeds Fleet Account,19.829,06:32:09,0,19.829
42399,575,UK-HBN-EB99B,Knowsthorpe HQ,28/07/2020 06:47,28/07/2020 09:44,Leeds Fleet Account,19.56,02:57:01,0,19.56
42403,562,UK-HBN-EB59,Print Unit Limewood Approach,28/07/2020 07:04,28/07/2020 15:26,Leeds Fleet Account,15.864,08:21:50,0,15.864
42411,604,UK-HBN-EB143,Henshaw 3,28/07/2020 09:16,29/07/2020 09:32,Leeds Fleet Account,7.602,24:15:51,0,7.602
42419,578,UK-HBN-EB100B,Knowsthorpe HQ,28/07/2020 12:13,28/07/2020 16:28,Leeds Fleet Account,6.932,04:14:23,0,6.932
42420,577,UK-HBN-EB100A,Knowsthorpe HQ,28/07/2020 12:32,29/07/2020 08:51,Leeds Fleet Account,19.724,20:18:55,0,19.724
42422,575,UK-HBN-EB99B,Knowsthorpe HQ,28/07/2020 12:38,29/07/2020 09:58,Leeds Fleet Account,20.468,21:20:20,0,20.468
42421,577,UK-HBN-EB100A,Knowsthorpe HQ,28/07/2020 12:38,29/07/2020 09:33,Leeds Fleet Account,10.383,20:55:43,0,10.383
42424,578,UK-HBN-EB100B,Knowsthorpe HQ,28/07/2020 12:44,28/07/2020 16:28,Leeds Fleet Account,14.518,03:43:46,0,14.518
42423,578,UK-HBN-EB100B,Knowsthorpe HQ,28/07/2020 12:44,28/07/2020 12:44,Leeds Fleet Account,0,00:00:17,0,0
42431,560,UK-HBN-EB39B,Westland Road,28/07/2020 14:18,29/07/2020 07:07,Leeds Fleet Account,17.301,16:48:33,0,17.301
42432,559,UK-HBN-EB39A,Westland Road,28/07/2020 14:28,30/07/2020 09:00,Leeds Fleet Account,7.685,42:32:03,0,7.685
42455,553,UK-HBN-EB37B,Farnley Hall,29/07/2020 06:23,04/08/2020 07:02,Leeds Fleet Account,28.475,144:39:10,0,28.475
42456,562,UK-HBN-EB59,Print Unit Limewood Approach,29/07/2020 06:48,29/07/2020 15:13,Leeds Fleet Account,15.641,08:25:28,0,15.641
42457,578,UK-HBN-EB100B,Knowsthorpe HQ,29/07/2020 06:50,29/07/2020 09:08,Leeds Fleet Account,8.151,02:18:23,0,8.151
42472,604,UK-HBN-EB143,Henshaw 3,29/07/2020 09:33,29/07/2020 13:48,Leeds Fleet Account,8.906,04:15:21,0,8.906
42480,577,UK-HBN-EB100A,Knowsthorpe HQ,29/07/2020 12:22,30/07/2020 07:10,Leeds Fleet Account,9.976,18:48:31,0,9.976
42481,577,UK-HBN-EB100A,Knowsthorpe HQ,29/07/2020 12:39,30/07/2020 08:47,Leeds Fleet Account,13.184,20:08:53,0,13.184
42482,578,UK-HBN-EB100B,Knowsthorpe HQ,29/07/2020 12:42,30/07/2020 09:15,Leeds Fleet Account,18.004,20:33:45,0,18.004
42483,578,UK-HBN-EB100B,Knowsthorpe HQ,29/07/2020 12:44,29/07/2020 16:34,Leeds Fleet Account,14.786,03:49:59,0,14.786
42485,575,UK-HBN-EB99B,Knowsthorpe HQ,29/07/2020 12:50,30/07/2020 08:46,Leeds Fleet Account,23.649,19:56:14,0,23.649
42494,575,UK-HBN-EB99B,Knowsthorpe HQ,29/07/2020 13:26,30/07/2020 09:43,Leeds Fleet Account,21.52,20:16:16,0,21.52
42502,560,UK-HBN-EB39B,Westland Road,29/07/2020 14:24,30/07/2020 06:52,Leeds Fleet Account,16.227,16:27:48,0,16.227
42524,562,UK-HBN-EB59,Print Unit Limewood Approach,30/07/2020 06:56,30/07/2020 15:34,Leeds Fleet Account,14.664,08:37:37,0,14.664
42525,578,UK-HBN-EB100B,Knowsthorpe HQ,30/07/2020 06:59,30/07/2020 09:54,Leeds Fleet Account,15.922,02:55:03,0,15.922
42530,616,UK-HBN-EB35,Discovery Centre,30/07/2020 07:57,31/07/2020 06:36,Leeds Fleet Account,1.019,22:39:11,0,1.019
42532,601,UK-HBN-EB141A,Henshaw 1,30/07/2020 08:27,30/07/2020 14:34,Leeds Fleet Account,8.07,06:06:55,0,8.07
42546,577,UK-HBN-EB100A,Knowsthorpe HQ,30/07/2020 11:48,31/07/2020 09:08,Leeds Fleet Account,24.224,21:19:49,0,24.224
42549,578,UK-HBN-EB100B,Knowsthorpe HQ,30/07/2020 12:25,30/07/2020 16:30,Leeds Fleet Account,7.85,04:05:34,0,7.85
42551,577,UK-HBN-EB100A,Knowsthorpe HQ,30/07/2020 12:36,31/07/2020 08:51,Leeds Fleet Account,13.558,20:14:51,0,13.558
42552,578,UK-HBN-EB100B,Knowsthorpe HQ,30/07/2020 12:38,31/07/2020 09:45,Leeds Fleet Account,8.596,21:07:30,0,8.596
42553,575,UK-HBN-EB99B,Knowsthorpe HQ,30/07/2020 12:40,31/07/2020 09:56,Leeds Fleet Account,19.961,21:16:25,0,19.961
42573,560,UK-HBN-EB39B,Westland Road,30/07/2020 14:37,31/07/2020 06:57,Leeds Fleet Account,18.877,16:19:45,0,18.877
42577,604,UK-HBN-EB143,Henshaw 3,30/07/2020 15:26,31/07/2020 05:22,Leeds Fleet Account,22.475,13:55:45,0,22.475
42592,562,UK-HBN-EB59,Print Unit Limewood Approach,31/07/2020 06:52,31/07/2020 11:40,Leeds Fleet Account,16.919,04:48:13,0,16.919
42593,575,UK-HBN-EB99B,Knowsthorpe HQ,31/07/2020 06:54,31/07/2020 09:13,Leeds Fleet Account,6.298,02:18:55,0,6.298
42608,616,UK-HBN-EB35,Discovery Centre,31/07/2020 10:42,03/08/2020 08:09,Leeds Fleet Account,4.694,69:27:22,0,4.694
42615,575,UK-HBN-EB99B,Knowsthorpe HQ,31/07/2020 12:19,31/07/2020 12:20,Leeds Fleet Account,0,00:00:03,0,0
42614,575,UK-HBN-EB99B,Knowsthorpe HQ,31/07/2020 12:19,31/07/2020 12:19,Leeds Fleet Account,0,00:00:06,0,0
42616,578,UK-HBN-EB100B,Knowsthorpe HQ,31/07/2020 12:23,31/07/2020 16:23,Leeds Fleet Account,7.175,03:59:38,0,7.175
42617,575,UK-HBN-EB99B,Knowsthorpe HQ,31/07/2020 12:31,31/07/2020 16:28,Leeds Fleet Account,13.266,03:56:28,0,13.266
42618,577,UK-HBN-EB100A,Knowsthorpe HQ,31/07/2020 12:45,01/08/2020 10:21,Leeds Fleet Account,11.712,21:35:58,0,11.712
42622,578,UK-HBN-EB100B,Knowsthorpe HQ,31/07/2020 12:51,01/08/2020 10:20,Leeds Fleet Account,13.895,21:28:36,0,13.895
42635,560,UK-HBN-EB39B,Westland Road,31/07/2020 14:08,03/08/2020 06:57,Leeds Fleet Account,18.637,64:48:46,0,18.637
42640,575,UK-HBN-EB99B,Knowsthorpe HQ,31/07/2020 17:29,01/08/2020 09:32,Leeds Fleet Account,5.693,16:02:46,0,5.693
42646,575,UK-HBN-EB99B,Knowsthorpe HQ,01/08/2020 12:26,02/08/2020 10:07,Leeds Fleet Account,15.404,21:41:52,0,15.404
42647,578,UK-HBN-EB100B,Knowsthorpe HQ,01/08/2020 12:41,02/08/2020 10:12,Leeds Fleet Account,28.43,21:30:58,0,28.43
42648,577,UK-HBN-EB100A,Knowsthorpe HQ,01/08/2020 12:57,02/08/2020 09:34,Leeds Fleet Account,21.516,20:36:57,0,21.516
42649,578,UK-HBN-EB100B,Knowsthorpe HQ,01/08/2020 13:07,02/08/2020 09:39,Leeds Fleet Account,9.014,20:32:37,0,9.014
42650,577,UK-HBN-EB100A,Knowsthorpe HQ,01/08/2020 13:47,01/08/2020 13:51,Leeds Fleet Account,0.4,00:03:35,0,0.4
42652,577,UK-HBN-EB100A,Knowsthorpe HQ,01/08/2020 13:52,02/08/2020 09:44,Leeds Fleet Account,25.903,19:52:16,0,25.903
42663,575,UK-HBN-EB99B,Knowsthorpe HQ,02/08/2020 12:28,03/08/2020 09:25,Leeds Fleet Account,20.031,20:56:58,0,20.031
42664,578,UK-HBN-EB100B,Knowsthorpe HQ,02/08/2020 12:47,03/08/2020 09:00,Leeds Fleet Account,11.119,20:12:06,0,11.119
42666,578,UK-HBN-EB100B,Knowsthorpe HQ,02/08/2020 12:55,03/08/2020 08:54,Leeds Fleet Account,11.496,19:58:41,0,11.496
42665,575,UK-HBN-EB99B,Knowsthorpe HQ,02/08/2020 12:55,03/08/2020 09:52,Leeds Fleet Account,14.433,20:57:05,0,14.433
42667,577,UK-HBN-EB100A,Knowsthorpe HQ,02/08/2020 12:59,02/08/2020 12:59,Leeds Fleet Account,0,00:00:23,0,0
42681,577,UK-HBN-EB100A,Knowsthorpe HQ,03/08/2020 06:16,03/08/2020 09:05,Leeds Fleet Account,20.01,02:48:45,0,20.01
42682,559,UK-HBN-EB39A,Westland Road,03/08/2020 06:19,03/08/2020 08:24,Leeds Fleet Account,8.808,02:05:40,0,8.808
42691,550,UK-HBN-EB34,Millshaw Park Way,03/08/2020 08:08,03/08/2020 13:39,Leeds Fleet Account,7.477,05:30:18,0,7.477
42692,559,UK-HBN-EB39A,Westland Road,03/08/2020 08:25,03/08/2020 09:33,Leeds Fleet Account,1.016,01:08:01,0,1.016
42697,604,UK-HBN-EB143,Henshaw 3,03/08/2020 09:50,03/08/2020 14:25,Leeds Fleet Account,7.208,04:34:35,0,7.208
42700,577,UK-HBN-EB100A,Knowsthorpe HQ,03/08/2020 11:14,06/08/2020 11:24,Leeds Fleet Account,15.104,72:09:36,0,15.104
42702,560,UK-HBN-EB39B,Westland Road,03/08/2020 12:09,04/08/2020 06:50,Leeds Fleet Account,5.213,18:41:12,0,5.213
42703,577,UK-HBN-EB100A,Knowsthorpe HQ,03/08/2020 12:35,04/08/2020 09:43,Leeds Fleet Account,29.636,21:08:38,0,29.636
42704,578,UK-HBN-EB100B,Knowsthorpe HQ,03/08/2020 12:39,03/08/2020 12:40,Leeds Fleet Account,0,00:00:15,0,0
42705,578,UK-HBN-EB100B,Knowsthorpe HQ,03/08/2020 12:40,04/08/2020 09:41,Leeds Fleet Account,18.51,21:01:08,0,18.51
42706,578,UK-HBN-EB100B,Knowsthorpe HQ,03/08/2020 12:51,03/08/2020 16:19,Leeds Fleet Account,10.362,03:28:27,0,10.362
42707,575,UK-HBN-EB99B,Knowsthorpe HQ,03/08/2020 13:03,04/08/2020 09:04,Leeds Fleet Account,11.517,20:01:47,0,11.517
42708,575,UK-HBN-EB99B,Knowsthorpe HQ,03/08/2020 13:17,04/08/2020 09:57,Leeds Fleet Account,21.636,20:39:52,0,21.636
42710,616,UK-HBN-EB35,Discovery Centre,03/08/2020 13:38,05/08/2020 07:41,Leeds Fleet Account,5.781,42:03:23,0,5.781
42712,559,UK-HBN-EB39A,Westland Road,03/08/2020 14:27,04/08/2020 06:49,Leeds Fleet Account,15.277,16:22:00,0,15.277
42732,559,UK-HBN-EB39A,Westland Road,04/08/2020 05:54,04/08/2020 07:44,Leeds Fleet Account,11.44,01:50:22,0,11.44
42739,562,UK-HBN-EB59,Print Unit Limewood Approach,04/08/2020 07:04,04/08/2020 13:12,Leeds Fleet Account,15.954,06:07:45,0,15.954
42745,553,UK-HBN-EB37B,Farnley Hall,04/08/2020 08:12,04/08/2020 13:14,Leeds Fleet Account,17.199,05:02:26,0,17.199
42750,604,UK-HBN-EB143,Henshaw 3,04/08/2020 09:39,04/08/2020 12:51,Leeds Fleet Account,7.088,03:12:41,0,7.088
42755,560,UK-HBN-EB39B,Westland Road,04/08/2020 11:15,04/08/2020 13:16,Leeds Fleet Account,8.56,02:00:57,0,8.56
42756,577,UK-HBN-EB100A,Knowsthorpe HQ,04/08/2020 12:27,05/08/2020 10:03,Leeds Fleet Account,10.672,21:35:45,0,10.672
42757,578,UK-HBN-EB100B,Knowsthorpe HQ,04/08/2020 12:44,05/08/2020 09:36,Leeds Fleet Account,11.14,20:51:15,0,11.14
42761,575,UK-HBN-EB99B,Knowsthorpe HQ,04/08/2020 12:58,04/08/2020 16:33,Leeds Fleet Account,14.223,03:34:58,0,14.223
42763,562,UK-HBN-EB59,Print Unit Limewood Approach,04/08/2020 13:14,04/08/2020 13:14,Leeds Fleet Account,0,00:00:02,0,0
42764,562,UK-HBN-EB59,Print Unit Limewood Approach,04/08/2020 13:15,04/08/2020 15:55,Leeds Fleet Account,16.805,02:39:49,0,16.805
42769,578,UK-HBN-EB100B,Knowsthorpe HQ,04/08/2020 13:49,05/08/2020 09:38,Leeds Fleet Account,18.808,19:48:45,0,18.808
42771,560,UK-HBN-EB39B,Westland Road,04/08/2020 14:21,05/08/2020 07:03,Leeds Fleet Account,18.316,16:42:31,0,18.316
42772,560,UK-HBN-EB39B,Westland Road,04/08/2020 14:41,04/08/2020 14:41,Leeds Fleet Account,0,00:00:14,0,0
42773,560,UK-HBN-EB39B,Westland Road,04/08/2020 14:42,05/08/2020 13:36,Leeds Fleet Account,8.382,22:53:48,0,8.382
42791,575,UK-HBN-EB99B,Knowsthorpe HQ,05/08/2020 06:53,05/08/2020 09:44,Leeds Fleet Account,10.548,02:51:00,0,10.548
42794,562,UK-HBN-EB59,Print Unit Limewood Approach,05/08/2020 07:10,05/08/2020 15:24,Leeds Fleet Account,18.437,08:14:23,0,18.437
42801,604,UK-HBN-EB143,Henshaw 3,05/08/2020 09:02,05/08/2020 12:30,Leeds Fleet Account,9.288,03:27:58,0,9.288
42813,577,UK-HBN-EB100A,Knowsthorpe HQ,05/08/2020 12:33,05/08/2020 12:34,Leeds Fleet Account,0,00:00:15,0,0
42814,577,UK-HBN-EB100A,Knowsthorpe HQ,05/08/2020 12:35,06/08/2020 09:39,Leeds Fleet Account,10.81,21:04:09,0,10.81
42816,575,UK-HBN-EB99B,Knowsthorpe HQ,05/08/2020 12:38,05/08/2020 16:34,Leeds Fleet Account,12.788,03:56:17,0,12.788
42817,616,UK-HBN-EB35,Discovery Centre,05/08/2020 12:39,06/08/2020 09:00,Leeds Fleet Account,11.453,20:21:34,0,11.453
42818,578,UK-HBN-EB100B,Knowsthorpe HQ,05/08/2020 12:42,06/08/2020 09:02,Leeds Fleet Account,19.578,20:20:10,0,19.578
42819,578,UK-HBN-EB100B,Knowsthorpe HQ,05/08/2020 12:45,06/08/2020 09:58,Leeds Fleet Account,11.287,21:13:03,0,11.287
42824,560,UK-HBN-EB39B,Westland Road,05/08/2020 13:36,06/08/2020 09:30,Leeds Fleet Account,0,19:54:37,0,0
42826,560,UK-HBN-EB39B,Westland Road,05/08/2020 14:12,06/08/2020 06:41,Leeds Fleet Account,14.624,16:28:56,0,14.624
42828,555,UK-HBN-EB37A,Farnley Hall,05/08/2020 14:18,06/08/2020 10:20,Leeds Fleet Account,16.46,20:01:20,0,16.46
42833,562,UK-HBN-EB59,Print Unit Limewood Approach,05/08/2020 14:45,05/08/2020 15:55,Leeds Fleet Account,7.385,01:09:56,0,7.385
42836,604,UK-HBN-EB143,Henshaw 3,05/08/2020 15:37,06/08/2020 05:17,Leeds Fleet Account,24.871,13:39:59,0,24.871
42849,575,UK-HBN-EB99B,Knowsthorpe HQ,06/08/2020 06:49,06/08/2020 09:38,Leeds Fleet Account,17.287,02:48:41,0,17.287
42851,562,UK-HBN-EB59,Print Unit Limewood Approach,06/08/2020 07:02,06/08/2020 10:34,Leeds Fleet Account,15.88,03:32:08,0,15.88
42858,604,UK-HBN-EB143,Henshaw 3,06/08/2020 09:25,06/08/2020 12:25,Leeds Fleet Account,8.917,03:00:08,0,8.917
42865,562,UK-HBN-EB59,Print Unit Limewood Approach,06/08/2020 09:54,06/08/2020 10:33,Leeds Fleet Account,4.046,00:38:40,0,4.046
42866,562,UK-HBN-EB59,Print Unit Limewood Approach,06/08/2020 10:40,06/08/2020 14:35,Leeds Fleet Account,24.855,03:55:40,0,24.855
42869,616,UK-HBN-EB35,Discovery Centre,06/08/2020 11:15,07/08/2020 08:36,Leeds Fleet Account,4.288,21:21:14,0,4.288
42871,577,UK-HBN-EB100A,Knowsthorpe HQ,06/08/2020 11:24,06/08/2020 12:11,Leeds Fleet Account,0,00:47:05,0,0
42878,577,UK-HBN-EB100A,Knowsthorpe HQ,06/08/2020 12:04,06/08/2020 13:27,Leeds Fleet Account,9.912,01:22:46,0,9.912
42879,575,UK-HBN-EB99B,Knowsthorpe HQ,06/08/2020 12:05,07/08/2020 07:26,Leeds Fleet Account,19.388,19:21:27,0,19.388
42880,578,UK-HBN-EB100B,Knowsthorpe HQ,06/08/2020 12:32,07/08/2020 07:33,Leeds Fleet Account,7.292,19:01:38,0,7.292
42881,577,UK-HBN-EB100A,Knowsthorpe HQ,06/08/2020 12:33,07/08/2020 07:36,Leeds Fleet Account,30.689,19:02:42,0,30.689
42882,575,UK-HBN-EB99B,Knowsthorpe HQ,06/08/2020 12:39,07/08/2020 07:31,Leeds Fleet Account,21.909,18:51:51,0,21.909
42884,578,UK-HBN-EB100B,Knowsthorpe HQ,06/08/2020 13:21,07/08/2020 07:29,Leeds Fleet Account,13.269,18:08:06,0,13.269
42890,560,UK-HBN-EB39B,Westland Road,06/08/2020 14:14,07/08/2020 06:51,Leeds Fleet Account,15.477,16:36:51,0,15.477
42911,562,UK-HBN-EB59,Print Unit Limewood Approach,07/08/2020 06:55,07/08/2020 13:51,Leeds Fleet Account,20.608,06:56:22,0,20.608
42917,577,UK-HBN-EB100A,Knowsthorpe HQ,07/08/2020 07:50,07/08/2020 16:23,Leeds Fleet Account,30.93,08:33:18,0,30.93
42926,616,UK-HBN-EB35,Discovery Centre,07/08/2020 10:47,10/08/2020 06:41,Leeds Fleet Account,4.158,67:53:10,0,4.158
42935,578,UK-HBN-EB100B,Knowsthorpe HQ,07/08/2020 12:38,07/08/2020 17:14,Leeds Fleet Account,17.707,04:35:47,0,17.707
42936,575,UK-HBN-EB99B,Knowsthorpe HQ,07/08/2020 12:39,07/08/2020 16:53,Leeds Fleet Account,19.333,04:13:21,0,19.333
42937,577,UK-HBN-EB100A,Knowsthorpe HQ,07/08/2020 12:46,08/08/2020 10:07,Leeds Fleet Account,13.963,21:21:44,0,13.963
42939,578,UK-HBN-EB100B,Knowsthorpe HQ,07/08/2020 12:52,08/08/2020 09:41,Leeds Fleet Account,13.592,20:49:54,0,13.592
42953,560,UK-HBN-EB39B,Westland Road,07/08/2020 14:11,10/08/2020 06:49,Leeds Fleet Account,15.197,64:37:54,0,15.197
42978,550,UK-HBN-EB34,Millshaw Park Way,08/08/2020 11:59,09/08/2020 07:11,Leeds Fleet Account,16.531,19:12:14,0,16.531
42980,577,UK-HBN-EB100A,Knowsthorpe HQ,08/08/2020 12:32,09/08/2020 10:34,Leeds Fleet Account,16.112,22:02:39,0,16.112
42981,575,UK-HBN-EB99B,Knowsthorpe HQ,08/08/2020 13:14,08/08/2020 13:14,Leeds Fleet Account,0,00:00:06,0,0
42982,578,UK-HBN-EB100B,Knowsthorpe HQ,08/08/2020 13:15,09/08/2020 08:58,Leeds Fleet Account,22.024,19:43:03,0,22.024
42984,575,UK-HBN-EB99B,Knowsthorpe HQ,08/08/2020 13:30,09/08/2020 10:22,Leeds Fleet Account,18.585,20:52:43,0,18.585
42992,577,UK-HBN-EB100A,Knowsthorpe HQ,09/08/2020 07:25,09/08/2020 10:08,Leeds Fleet Account,19.619,02:43:20,0,19.619
42994,579,UK-HBN-EB104,Seacroft Waste,09/08/2020 07:50,09/08/2020 11:55,Leeds Fleet Account,25.183,04:04:53,0,25.183
42998,575,UK-HBN-EB99B,Knowsthorpe HQ,09/08/2020 12:32,09/08/2020 12:32,Leeds Fleet Account,0,00:00:19,0,0
42999,578,UK-HBN-EB100B,Knowsthorpe HQ,09/08/2020 12:45,09/08/2020 13:06,Leeds Fleet Account,2.454,00:20:57,0,2.454
43000,577,UK-HBN-EB100A,Knowsthorpe HQ,09/08/2020 13:03,09/08/2020 13:04,Leeds Fleet Account,0,00:00:30,0,0
43002,578,UK-HBN-EB100B,Knowsthorpe HQ,09/08/2020 13:06,10/08/2020 09:13,Leeds Fleet Account,27.877,20:07:29,0,27.877
43001,577,UK-HBN-EB100A,Knowsthorpe HQ,09/08/2020 13:06,10/08/2020 09:14,Leeds Fleet Account,10.018,20:07:45,0,10.018
43003,578,UK-HBN-EB100B,Knowsthorpe HQ,09/08/2020 13:08,10/08/2020 09:10,Leeds Fleet Account,8.291,20:02:46,0,8.291
43004,577,UK-HBN-EB100A,Knowsthorpe HQ,09/08/2020 13:13,10/08/2020 10:04,Leeds Fleet Account,9.433,20:50:49,0,9.433
43005,575,UK-HBN-EB99B,Knowsthorpe HQ,09/08/2020 13:22,10/08/2020 09:28,Leeds Fleet Account,12.479,20:05:29,0,12.479
43021,559,UK-HBN-EB39A,Westland Road,10/08/2020 05:59,10/08/2020 07:49,Leeds Fleet Account,8.136,01:49:39,0,8.136
43031,601,UK-HBN-EB141A,Henshaw 1,10/08/2020 07:38,10/08/2020 07:38,Leeds Fleet Account,0,00:00:17,0,0
43032,601,UK-HBN-EB141A,Henshaw 1,10/08/2020 07:41,10/08/2020 10:47,Leeds Fleet Account,10.46,03:06:43,0,10.46
43038,575,UK-HBN-EB99B,Knowsthorpe HQ,10/08/2020 09:05,10/08/2020 10:05,Leeds Fleet Account,7.109,01:00:04,0,7.109
43041,550,UK-HBN-EB34,Millshaw Park Way,10/08/2020 09:47,10/08/2020 13:22,Leeds Fleet Account,12.716,03:34:49,0,12.716
43042,560,UK-HBN-EB39B,Westland Road,10/08/2020 10:12,11/08/2020 09:12,Leeds Fleet Account,9.652,22:59:55,0,9.652
43044,616,UK-HBN-EB35,Discovery Centre,10/08/2020 11:13,11/08/2020 06:34,Leeds Fleet Account,7.289,19:21:06,0,7.289
43048,577,UK-HBN-EB100A,Knowsthorpe HQ,10/08/2020 12:26,11/08/2020 08:58,Leeds Fleet Account,32.067,20:31:22,0,32.067
43049,578,UK-HBN-EB100B,Knowsthorpe HQ,10/08/2020 12:30,11/08/2020 09:07,Leeds Fleet Account,10.865,20:36:54,0,10.865
43050,577,UK-HBN-EB100A,Knowsthorpe HQ,10/08/2020 12:42,10/08/2020 12:43,Leeds Fleet Account,0,00:00:26,0,0
43051,577,UK-HBN-EB100A,Knowsthorpe HQ,10/08/2020 12:43,11/08/2020 09:32,Leeds Fleet Account,25.956,20:48:36,0,25.956
43053,575,UK-HBN-EB99B,Knowsthorpe HQ,10/08/2020 12:57,10/08/2020 17:08,Leeds Fleet Account,19.235,04:10:54,0,19.235
43055,553,UK-HBN-EB37B,Farnley Hall,10/08/2020 13:09,10/08/2020 15:01,Leeds Fleet Account,4.795,01:52:13,0,4.795
43056,578,UK-HBN-EB100B,Knowsthorpe HQ,10/08/2020 13:13,11/08/2020 09:12,Leeds Fleet Account,21.111,19:58:58,0,21.111
43057,575,UK-HBN-EB99B,Knowsthorpe HQ,10/08/2020 13:14,11/08/2020 09:43,Leeds Fleet Account,23.066,20:29:02,0,23.066
43063,559,UK-HBN-EB39A,Westland Road,10/08/2020 14:22,11/08/2020 06:49,Leeds Fleet Account,14.766,16:26:28,0,14.766
43068,604,UK-HBN-EB143,Henshaw 3,10/08/2020 15:33,11/08/2020 05:19,Leeds Fleet Account,23.503,13:46:08,0,23.503
43075,575,UK-HBN-EB99B,Knowsthorpe HQ,10/08/2020 17:56,11/08/2020 09:08,Leeds Fleet Account,17.296,15:11:37,0,17.296
43083,560,UK-HBN-EB39B,Westland Road,11/08/2020 05:51,11/08/2020 07:52,Leeds Fleet Account,12.436,02:01:23,0,12.436
43084,553,UK-HBN-EB37B,Farnley Hall,11/08/2020 06:25,11/08/2020 15:01,Leeds Fleet Account,27.973,08:36:20,0,27.973
43092,562,UK-HBN-EB59,Print Unit Limewood Approach,11/08/2020 07:08,11/08/2020 10:43,Leeds Fleet Account,14.452,03:35:15,0,14.452
43103,603,UK-HBN-EB142,Henshaw 3,11/08/2020 08:09,11/08/2020 08:12,Leeds Fleet Account,0.197,00:03:41,0,0.197
43104,601,UK-HBN-EB141A,Henshaw 1,11/08/2020 08:15,11/08/2020 08:16,Leeds Fleet Account,0.021,00:00:30,0,0.021
43105,601,UK-HBN-EB141A,Henshaw 1,11/08/2020 08:17,11/08/2020 13:31,Leeds Fleet Account,10.066,05:14:24,0,10.066
43115,562,UK-HBN-EB59,Print Unit Limewood Approach,11/08/2020 10:43,11/08/2020 14:57,Leeds Fleet Account,27.178,04:14:19,0,27.178
43116,616,UK-HBN-EB35,Discovery Centre,11/08/2020 10:49,11/08/2020 13:45,Leeds Fleet Account,2.899,02:55:50,0,2.899
43120,560,UK-HBN-EB39B,Westland Road,11/08/2020 12:03,11/08/2020 12:56,Leeds Fleet Account,5.604,00:52:45,0,5.604
43123,578,UK-HBN-EB100B,Knowsthorpe HQ,11/08/2020 12:27,12/08/2020 09:18,Leeds Fleet Account,12.019,20:51:15,0,12.019
43124,560,UK-HBN-EB39B,Westland Road,11/08/2020 12:49,13/08/2020 10:07,Leeds Fleet Account,8.066,45:18:10,0,8.066
43125,577,UK-HBN-EB100A,Knowsthorpe HQ,11/08/2020 13:05,12/08/2020 09:05,Leeds Fleet Account,23.153,19:59:25,0,23.153
43128,560,UK-HBN-EB39B,Westland Road,11/08/2020 14:32,12/08/2020 06:53,Leeds Fleet Account,9.254,16:20:40,0,9.254
43144,575,UK-HBN-EB99B,Knowsthorpe HQ,11/08/2020 18:05,12/08/2020 09:13,Leeds Fleet Account,17.568,15:07:35,0,17.568
43153,559,UK-HBN-EB39A,Westland Road,12/08/2020 05:58,12/08/2020 08:22,Leeds Fleet Account,12.086,02:24:01,0,12.086
43155,553,UK-HBN-EB37B,Farnley Hall,12/08/2020 06:28,12/08/2020 12:07,Leeds Fleet Account,28.648,05:39:12,0,28.648
43161,563,UK-HBN-EB62,Print Unit Limewood Approach,12/08/2020 07:12,12/08/2020 07:21,Leeds Fleet Account,0.342,00:09:14,0,0.342
43162,562,UK-HBN-EB59,Print Unit Limewood Approach,12/08/2020 07:13,12/08/2020 07:14,Leeds Fleet Account,0,00:00:15,0,0
43163,562,UK-HBN-EB59,Print Unit Limewood Approach,12/08/2020 07:14,12/08/2020 14:37,Leeds Fleet Account,26.085,07:22:50,0,26.085
43165,563,UK-HBN-EB62,Print Unit Limewood Approach,12/08/2020 07:22,12/08/2020 07:22,Leeds Fleet Account,0,00:00:06,0,0
43166,563,UK-HBN-EB62,Print Unit Limewood Approach,12/08/2020 07:23,12/08/2020 09:51,Leeds Fleet Account,16.972,02:28:45,0,16.972
43175,602,UK-HBN-EB141B,Henshaw 2,12/08/2020 08:24,12/08/2020 11:37,Leeds Fleet Account,6.938,03:13:08,0,6.938
43198,550,UK-HBN-EB34,Millshaw Park Way,12/08/2020 12:27,14/08/2020 05:36,Leeds Fleet Account,0,41:08:23,0,0
43199,578,UK-HBN-EB100B,Knowsthorpe HQ,12/08/2020 12:32,13/08/2020 08:18,Leeds Fleet Account,12.978,19:45:20,0,12.978
43202,553,UK-HBN-EB37B,Farnley Hall,12/08/2020 12:46,12/08/2020 13:28,Leeds Fleet Account,1.847,00:41:35,0,1.847
43203,577,UK-HBN-EB100A,Knowsthorpe HQ,12/08/2020 12:55,13/08/2020 09:00,Leeds Fleet Account,22.351,20:05:51,0,22.351
43204,578,UK-HBN-EB100B,Knowsthorpe HQ,12/08/2020 12:56,13/08/2020 08:16,Leeds Fleet Account,29.022,19:19:13,0,29.022
43207,575,UK-HBN-EB99B,Knowsthorpe HQ,12/08/2020 12:59,13/08/2020 09:52,Leeds Fleet Account,20.315,20:53:51,0,20.315
43208,577,UK-HBN-EB100A,Knowsthorpe HQ,12/08/2020 13:03,13/08/2020 09:23,Leeds Fleet Account,10.936,20:19:56,0,10.936
43218,560,UK-HBN-EB39B,Westland Road,12/08/2020 14:30,13/08/2020 06:43,Leeds Fleet Account,15.764,16:13:37,0,15.764
43220,553,UK-HBN-EB37B,Farnley Hall,12/08/2020 14:52,13/08/2020 08:51,Leeds Fleet Account,4.752,17:58:57,0,4.752
43247,562,UK-HBN-EB59,Print Unit Limewood Approach,13/08/2020 07:23,13/08/2020 15:20,Leeds Fleet Account,16.91,07:56:22,0,16.91
43249,602,UK-HBN-EB141B,Henshaw 2,13/08/2020 07:32,13/08/2020 14:18,Leeds Fleet Account,10.542,06:45:07,0,10.542
43258,553,UK-HBN-EB37B,Farnley Hall,13/08/2020 10:27,14/08/2020 08:36,Leeds Fleet Account,32.159,22:09:32,0,32.159
43259,559,UK-HBN-EB39A,Westland Road,13/08/2020 10:28,17/08/2020 08:23,Leeds Fleet Account,0.833,93:55:01,0,0.833
43260,563,UK-HBN-EB62,Print Unit Limewood Approach,13/08/2020 10:45,13/08/2020 13:47,Leeds Fleet Account,21.369,03:01:49,0,21.369
43268,578,UK-HBN-EB100B,Knowsthorpe HQ,13/08/2020 12:34,14/08/2020 09:43,Leeds Fleet Account,12.548,21:08:26,0,12.548
43279,575,UK-HBN-EB99B,Knowsthorpe HQ,13/08/2020 13:06,14/08/2020 08:58,Leeds Fleet Account,20.536,19:52:17,0,20.536
43281,616,UK-HBN-EB35,Discovery Centre,13/08/2020 13:26,14/08/2020 06:34,Leeds Fleet Account,5.915,17:07:41,0,5.915
43286,553,UK-HBN-EB37B,Farnley Hall,13/08/2020 14:20,19/08/2020 10:45,Leeds Fleet Account,1.946,140:24:47,0,1.946
43287,562,UK-HBN-EB59,Print Unit Limewood Approach,13/08/2020 14:22,13/08/2020 15:20,Leeds Fleet Account,6.094,00:58:03,0,6.094
43290,560,UK-HBN-EB39B,Westland Road,13/08/2020 14:28,14/08/2020 06:56,Leeds Fleet Account,15.085,16:27:22,0,15.085
43289,560,UK-HBN-EB39B,Westland Road,13/08/2020 14:28,13/08/2020 14:28,Leeds Fleet Account,0.008,00:00:11,0,0.008
43297,578,UK-HBN-EB100B,Knowsthorpe HQ,13/08/2020 15:16,13/08/2020 15:17,Leeds Fleet Account,0,00:00:34,0,0
43305,578,UK-HBN-EB100B,Knowsthorpe HQ,13/08/2020 16:59,14/08/2020 09:44,Leeds Fleet Account,19.503,16:45:21,0,19.503
43317,562,UK-HBN-EB59,Print Unit Limewood Approach,14/08/2020 06:25,14/08/2020 12:19,Leeds Fleet Account,15.531,05:54:02,0,15.531
43324,562,UK-HBN-EB59,Print Unit Limewood Approach,14/08/2020 07:20,14/08/2020 08:34,Leeds Fleet Account,7.729,01:14:02,0,7.729
43347,616,UK-HBN-EB35,Discovery Centre,14/08/2020 10:32,17/08/2020 08:40,Leeds Fleet Account,6.394,70:08:10,0,6.394
43357,562,UK-HBN-EB59,Print Unit Limewood Approach,14/08/2020 12:16,14/08/2020 14:28,Leeds Fleet Account,13.583,02:11:11,0,13.583
43362,578,UK-HBN-EB100B,Knowsthorpe HQ,14/08/2020 12:41,15/08/2020 09:14,Leeds Fleet Account,11.642,20:33:21,0,11.642
43363,578,UK-HBN-EB100B,Knowsthorpe HQ,14/08/2020 12:44,15/08/2020 08:06,Leeds Fleet Account,22.544,19:22:06,0,22.544
43365,575,UK-HBN-EB99B,Knowsthorpe HQ,14/08/2020 12:55,15/08/2020 09:48,Leeds Fleet Account,19.788,20:52:44,0,19.788
43379,560,UK-HBN-EB39B,Westland Road,14/08/2020 14:18,17/08/2020 06:46,Leeds Fleet Account,15.553,64:27:49,0,15.553
43394,578,UK-HBN-EB100B,Knowsthorpe HQ,15/08/2020 09:15,15/08/2020 09:37,Leeds Fleet Account,2.645,00:22:35,0,2.645
43402,577,UK-HBN-EB100A,Knowsthorpe HQ,15/08/2020 12:45,16/08/2020 08:55,Leeds Fleet Account,23.907,20:09:38,0,23.907
43404,578,UK-HBN-EB100B,Knowsthorpe HQ,15/08/2020 13:17,16/08/2020 09:57,Leeds Fleet Account,18.791,20:40:04,0,18.791
43412,575,UK-HBN-EB99B,Knowsthorpe HQ,16/08/2020 12:41,16/08/2020 12:41,Leeds Fleet Account,0.028,00:00:24,0,0.028
43413,575,UK-HBN-EB99B,Knowsthorpe HQ,16/08/2020 12:42,17/08/2020 08:45,Leeds Fleet Account,13.16,20:03:14,0,13.16
43414,577,UK-HBN-EB100A,Knowsthorpe HQ,16/08/2020 13:21,17/08/2020 09:12,Leeds Fleet Account,17.433,19:51:40,0,17.433
43415,575,UK-HBN-EB99B,Knowsthorpe HQ,16/08/2020 13:22,16/08/2020 13:23,Leeds Fleet Account,0.001,00:00:35,0,0.001
43416,575,UK-HBN-EB99B,Knowsthorpe HQ,16/08/2020 13:24,17/08/2020 08:03,Leeds Fleet Account,26.477,18:39:08,0,26.477
43419,578,UK-HBN-EB100B,Knowsthorpe HQ,16/08/2020 16:36,17/08/2020 08:44,Leeds Fleet Account,18.229,16:08:23,0,18.229
43429,559,UK-HBN-EB39A,Westland Road,17/08/2020 05:35,17/08/2020 05:35,Leeds Fleet Account,0,00:00:25,0,0
43430,559,UK-HBN-EB39A,Westland Road,17/08/2020 05:36,17/08/2020 07:39,Leeds Fleet Account,8.095,02:03:28,0,8.095
43440,602,UK-HBN-EB141B,Henshaw 2,17/08/2020 07:17,17/08/2020 11:37,Leeds Fleet Account,13.346,04:19:54,0,13.346
43449,577,UK-HBN-EB100A,Knowsthorpe HQ,17/08/2020 08:49,17/08/2020 09:26,Leeds Fleet Account,4.308,00:36:35,0,4.308
43454,553,UK-HBN-EB37B,Farnley Hall,17/08/2020 11:24,17/08/2020 12:23,Leeds Fleet Account,6.487,00:59:21,0,6.487
43472,578,UK-HBN-EB100B,Knowsthorpe HQ,17/08/2020 12:35,18/08/2020 09:14,Leeds Fleet Account,11.413,20:38:12,0,11.413
43475,578,UK-HBN-EB100B,Knowsthorpe HQ,17/08/2020 12:59,18/08/2020 08:51,Leeds Fleet Account,9.459,19:52:23,0,9.459
43474,577,UK-HBN-EB100A,Knowsthorpe HQ,17/08/2020 12:59,18/08/2020 09:05,Leeds Fleet Account,25.078,20:06:39,0,25.078
43476,562,UK-HBN-EB59,Print Unit Limewood Approach,17/08/2020 13:13,17/08/2020 15:16,Leeds Fleet Account,12.952,02:02:51,0,12.952
43478,575,UK-HBN-EB99B,Knowsthorpe HQ,17/08/2020 13:40,18/08/2020 09:09,Leeds Fleet Account,19.718,19:28:49,0,19.718
43479,616,UK-HBN-EB35,Discovery Centre,17/08/2020 13:42,18/08/2020 08:41,Leeds Fleet Account,4.874,18:59:02,0,4.874
43484,560,UK-HBN-EB39B,Westland Road,17/08/2020 14:21,18/08/2020 06:48,Leeds Fleet Account,14.984,16:26:26,0,14.984
43487,560,UK-HBN-EB39B,Westland Road,17/08/2020 14:24,18/08/2020 07:34,Leeds Fleet Account,8.208,17:09:45,0,8.208
43496,555,UK-HBN-EB37A,Farnley Hall,17/08/2020 15:08,18/08/2020 10:35,Leeds Fleet Account,6.023,19:26:53,0,6.023
43497,553,UK-HBN-EB37B,Farnley Hall,17/08/2020 15:11,19/08/2020 09:46,Leeds Fleet Account,18.257,42:34:38,0,18.257
43509,559,UK-HBN-EB39A,Westland Road,18/08/2020 05:42,18/08/2020 06:08,Leeds Fleet Account,2.732,00:25:52,0,2.732
43525,601,UK-HBN-EB141A,Henshaw 1,18/08/2020 08:30,18/08/2020 12:23,Leeds Fleet Account,7.711,03:53:11,0,7.711
43526,560,UK-HBN-EB39B,Westland Road,18/08/2020 08:52,18/08/2020 09:41,Leeds Fleet Account,5.238,00:48:38,0,5.238
43551,578,UK-HBN-EB100B,Knowsthorpe HQ,18/08/2020 12:35,18/08/2020 12:35,Leeds Fleet Account,0,00:00:04,0,0
43552,578,UK-HBN-EB100B,Knowsthorpe HQ,18/08/2020 12:36,18/08/2020 12:36,Leeds Fleet Account,0,00:00:26,0,0
43554,575,UK-HBN-EB99B,Knowsthorpe HQ,18/08/2020 12:37,18/08/2020 12:38,Leeds Fleet Account,0,00:00:11,0,0
43553,578,UK-HBN-EB100B,Knowsthorpe HQ,18/08/2020 12:37,18/08/2020 12:37,Leeds Fleet Account,0,00:00:28,0,0
43555,577,UK-HBN-EB100A,Knowsthorpe HQ,18/08/2020 12:40,19/08/2020 09:00,Leeds Fleet Account,9.917,20:20:28,0,9.917
43558,575,UK-HBN-EB99B,Knowsthorpe HQ,18/08/2020 13:15,19/08/2020 10:08,Leeds Fleet Account,24.003,20:53:15,0,24.003
43564,616,UK-HBN-EB35,Discovery Centre,18/08/2020 13:34,20/08/2020 08:32,Leeds Fleet Account,8.346,42:57:15,0,8.346
43578,560,UK-HBN-EB39B,Westland Road,18/08/2020 14:13,19/08/2020 09:37,Leeds Fleet Account,11.378,19:23:35,0,11.378
43586,560,UK-HBN-EB39B,Westland Road,18/08/2020 14:43,19/08/2020 07:06,Leeds Fleet Account,20.297,16:22:38,0,20.297
43594,604,UK-HBN-EB143,Henshaw 3,18/08/2020 15:25,19/08/2020 05:19,Leeds Fleet Account,21.535,13:54:41,0,21.535
43603,578,UK-HBN-EB100B,Knowsthorpe HQ,18/08/2020 17:28,19/08/2020 10:05,Leeds Fleet Account,17.661,16:36:30,0,17.661
43615,559,UK-HBN-EB39A,Westland Road,19/08/2020 05:33,19/08/2020 08:45,Leeds Fleet Account,20.817,03:12:25,0,20.817
43638,604,UK-HBN-EB143,Henshaw 3,19/08/2020 09:10,19/08/2020 14:39,Leeds Fleet Account,8.329,05:29:14,0,8.329
43641,563,UK-HBN-EB62,Print Unit Limewood Approach,19/08/2020 09:54,19/08/2020 10:30,Leeds Fleet Account,4.235,00:36:28,0,4.235
43642,563,UK-HBN-EB62,Print Unit Limewood Approach,19/08/2020 10:30,19/08/2020 13:19,Leeds Fleet Account,16.621,02:48:29,0,16.621
43645,553,UK-HBN-EB37B,Farnley Hall,19/08/2020 11:18,24/08/2020 15:01,Leeds Fleet Account,18.307,123:43:07,0,18.307
43654,578,UK-HBN-EB100B,Knowsthorpe HQ,19/08/2020 12:42,20/08/2020 08:52,Leeds Fleet Account,9.695,20:10:27,0,9.695
43656,577,UK-HBN-EB100A,Knowsthorpe HQ,19/08/2020 12:48,20/08/2020 09:13,Leeds Fleet Account,9.671,20:24:26,0,9.671
43657,562,UK-HBN-EB59,Print Unit Limewood Approach,19/08/2020 12:51,20/08/2020 14:02,Leeds Fleet Account,36.938,25:11:33,0,36.938
43658,575,UK-HBN-EB99B,Knowsthorpe HQ,19/08/2020 12:53,20/08/2020 09:10,Leeds Fleet Account,12.895,20:17:01,0,12.895
43661,577,UK-HBN-EB100A,Knowsthorpe HQ,19/08/2020 13:02,20/08/2020 08:54,Leeds Fleet Account,18.119,19:51:34,0,18.119
43663,550,UK-HBN-EB34,Millshaw Park Way,19/08/2020 13:11,23/08/2020 10:12,Leeds Fleet Account,21.491,93:01:03,0,21.491
43667,560,UK-HBN-EB39B,Westland Road,19/08/2020 13:24,20/08/2020 09:44,Leeds Fleet Account,6.844,20:20:08,0,6.844
43666,555,UK-HBN-EB37A,Farnley Hall,19/08/2020 13:24,24/08/2020 09:28,Leeds Fleet Account,2.42,116:04:07,0,2.42
43672,560,UK-HBN-EB39B,Westland Road,19/08/2020 14:43,20/08/2020 06:52,Leeds Fleet Account,14.109,16:08:34,0,14.109
43699,578,UK-HBN-EB100B,Knowsthorpe HQ,19/08/2020 17:45,20/08/2020 09:09,Leeds Fleet Account,16.317,15:23:31,0,16.317
43706,559,UK-HBN-EB39A,Westland Road,20/08/2020 05:35,20/08/2020 07:56,Leeds Fleet Account,15.211,02:21:15,0,15.211
43724,560,UK-HBN-EB39B,Westland Road,20/08/2020 09:45,20/08/2020 12:20,Leeds Fleet Account,6.761,02:35:33,0,6.761
43725,602,UK-HBN-EB141B,Henshaw 2,20/08/2020 09:46,20/08/2020 13:26,Leeds Fleet Account,9.533,03:39:25,0,9.533
43740,575,UK-HBN-EB99B,Knowsthorpe HQ,20/08/2020 12:48,21/08/2020 08:46,Leeds Fleet Account,8.218,19:58:36,0,8.218
43744,616,UK-HBN-EB35,Discovery Centre,20/08/2020 13:52,21/08/2020 07:53,Leeds Fleet Account,13.319,18:00:52,0,13.319
43749,560,UK-HBN-EB39B,Westland Road,20/08/2020 14:41,21/08/2020 06:55,Leeds Fleet Account,16.011,16:13:30,0,16.011
43752,578,UK-HBN-EB100B,Knowsthorpe HQ,20/08/2020 14:47,21/08/2020 09:06,Leeds Fleet Account,18.832,18:19:30,0,18.832
43769,562,UK-HBN-EB59,Print Unit Limewood Approach,20/08/2020 15:20,24/08/2020 15:28,Leeds Fleet Account,31.537,96:08:16,0,31.537
43774,659,UK-HBN-EB42B,Knowsthorpe Refuse B,20/08/2020 15:42,20/08/2020 15:42,,0,00:00:02,0,0
43773,658,UK-HBN-EB42A,Knowsthorpe Refuse A,20/08/2020 15:42,20/08/2020 15:42,,0,00:00:02,0,0
43772,658,UK-HBN-EB42A,Knowsthorpe Refuse A,20/08/2020 15:42,20/08/2020 15:42,,0,00:00:03,0,0
43775,659,UK-HBN-EB42B,Knowsthorpe Refuse B,20/08/2020 15:43,20/08/2020 15:43,,0,00:00:02,0,0
43792,577,UK-HBN-EB100A,Knowsthorpe HQ,21/08/2020 06:56,21/08/2020 08:58,Leeds Fleet Account,14.635,02:02:29,0,14.635
43804,602,UK-HBN-EB141B,Henshaw 2,21/08/2020 08:08,21/08/2020 12:46,Leeds Fleet Account,7.602,04:37:48,0,7.602
43825,616,UK-HBN-EB35,Discovery Centre,21/08/2020 11:41,26/08/2020 09:10,Leeds Fleet Account,6.596,117:28:47,0,6.596
43833,575,UK-HBN-EB99B,Knowsthorpe HQ,21/08/2020 12:31,22/08/2020 09:43,Leeds Fleet Account,8.132,21:12:49,0,8.132
43834,578,UK-HBN-EB100B,Knowsthorpe HQ,21/08/2020 12:33,22/08/2020 09:08,Leeds Fleet Account,11.947,20:34:17,0,11.947
43839,575,UK-HBN-EB99B,Knowsthorpe HQ,21/08/2020 12:42,22/08/2020 10:04,Leeds Fleet Account,21.062,21:21:37,0,21.062
43844,577,UK-HBN-EB100A,Knowsthorpe HQ,21/08/2020 12:49,22/08/2020 09:07,Leeds Fleet Account,28.127,20:18:08,0,28.127
43842,577,UK-HBN-EB100A,Knowsthorpe HQ,21/08/2020 12:49,22/08/2020 10:04,Leeds Fleet Account,10.767,21:15:10,0,10.767
43856,578,UK-HBN-EB100B,Knowsthorpe HQ,21/08/2020 13:12,22/08/2020 09:18,Leeds Fleet Account,20.54,20:05:30,0,20.54
43873,559,UK-HBN-EB39A,Westland Road,21/08/2020 14:15,24/08/2020 06:53,Leeds Fleet Account,14.312,64:38:20,0,14.312
43888,604,UK-HBN-EB143,Henshaw 3,21/08/2020 15:06,22/08/2020 05:20,Leeds Fleet Account,19.72,14:14:05,0,19.72
43896,661,UK-HBN-EB41B,Knowsthorpe Refuse B,22/08/2020 07:42,22/08/2020 09:54,Leeds Fleet Account,15.327,02:12:04,0,15.327
43907,578,UK-HBN-EB100B,Knowsthorpe HQ,22/08/2020 12:46,22/08/2020 14:24,Leeds Fleet Account,11.429,01:37:34,0,11.429
43908,578,UK-HBN-EB100B,Knowsthorpe HQ,22/08/2020 13:08,23/08/2020 09:56,Leeds Fleet Account,10.033,20:48:32,0,10.033
43909,575,UK-HBN-EB99B,Knowsthorpe HQ,22/08/2020 13:19,23/08/2020 08:58,Leeds Fleet Account,14.532,19:39:12,0,14.532
43929,578,UK-HBN-EB100B,Knowsthorpe HQ,23/08/2020 12:50,24/08/2020 08:46,Leeds Fleet Account,10.185,19:56:21,0,10.185
43930,577,UK-HBN-EB100A,Knowsthorpe HQ,23/08/2020 12:56,24/08/2020 08:55,Leeds Fleet Account,29.877,19:58:32,0,29.877
43931,575,UK-HBN-EB99B,Knowsthorpe HQ,23/08/2020 13:09,24/08/2020 08:44,Leeds Fleet Account,12.214,19:35:35,0,12.214
43932,578,UK-HBN-EB100B,Knowsthorpe HQ,23/08/2020 13:12,24/08/2020 08:59,Leeds Fleet Account,17.11,19:47:26,0,17.11
43934,577,UK-HBN-EB100A,Knowsthorpe HQ,23/08/2020 13:18,24/08/2020 09:03,Leeds Fleet Account,26.19,19:45:11,0,26.19
43970,602,UK-HBN-EB141B,Henshaw 2,24/08/2020 08:01,24/08/2020 12:30,Leeds Fleet Account,9.561,04:28:50,0,9.561
43972,661,UK-HBN-EB41B,Knowsthorpe Refuse B,24/08/2020 08:18,24/08/2020 16:24,Leeds Fleet Account,14.159,08:05:07,0,14.159
43973,550,UK-HBN-EB34,Millshaw Park Way,24/08/2020 08:30,24/08/2020 13:40,Leeds Fleet Account,13.306,05:09:52,0,13.306
43990,553,UK-HBN-EB37B,Farnley Hall,24/08/2020 11:00,02/09/2020 10:46,Leeds Fleet Account,8.296,215:45:37,0,8.296
44003,578,UK-HBN-EB100B,Knowsthorpe HQ,24/08/2020 12:45,25/08/2020 08:51,Leeds Fleet Account,12.19,20:05:54,0,12.19
44004,575,UK-HBN-EB99B,Knowsthorpe HQ,24/08/2020 12:46,25/08/2020 08:52,Leeds Fleet Account,20.42,20:06:08,0,20.42
44006,577,UK-HBN-EB100A,Knowsthorpe HQ,24/08/2020 12:55,24/08/2020 12:56,Leeds Fleet Account,0.064,00:00:41,0,0.064
44007,577,UK-HBN-EB100A,Knowsthorpe HQ,24/08/2020 12:56,24/08/2020 12:57,Leeds Fleet Account,0.018,00:00:16,0,0.018
44010,578,UK-HBN-EB100B,Knowsthorpe HQ,24/08/2020 12:57,24/08/2020 12:58,Leeds Fleet Account,0.037,00:00:27,0,0.037
44008,577,UK-HBN-EB100A,Knowsthorpe HQ,24/08/2020 12:57,24/08/2020 12:57,Leeds Fleet Account,0.018,00:00:16,0,0.018
44011,578,UK-HBN-EB100B,Knowsthorpe HQ,24/08/2020 12:59,24/08/2020 12:59,Leeds Fleet Account,0,00:00:15,0,0
44013,578,UK-HBN-EB100B,Knowsthorpe HQ,24/08/2020 13:00,24/08/2020 13:42,Leeds Fleet Account,5.011,00:42:22,0,5.011
44021,577,UK-HBN-EB100A,Knowsthorpe HQ,24/08/2020 13:25,24/08/2020 13:42,Leeds Fleet Account,1.964,00:16:42,0,1.964
44030,577,UK-HBN-EB100A,Knowsthorpe HQ,24/08/2020 13:42,25/08/2020 07:00,Leeds Fleet Account,16.185,17:17:57,0,16.185
44029,577,UK-HBN-EB100A,Knowsthorpe HQ,24/08/2020 13:42,25/08/2020 08:58,Leeds Fleet Account,23.721,19:16:11,0,23.721
44033,578,UK-HBN-EB100B,Knowsthorpe HQ,24/08/2020 13:48,24/08/2020 15:54,Leeds Fleet Account,14.905,02:06:42,0,14.905
44041,559,UK-HBN-EB39A,Westland Road,24/08/2020 13:58,25/08/2020 05:34,Leeds Fleet Account,5.991,15:35:46,0,5.991
44045,559,UK-HBN-EB39A,Westland Road,24/08/2020 14:18,25/08/2020 06:42,Leeds Fleet Account,14.654,16:24:02,0,14.654
44064,602,UK-HBN-EB141B,Henshaw 2,25/08/2020 04:43,25/08/2020 06:47,Leeds Fleet Account,7.142,02:04:10,0,7.142
44068,559,UK-HBN-EB39A,Westland Road,25/08/2020 05:34,25/08/2020 07:23,Leeds Fleet Account,11.612,01:49:02,0,11.612
44069,578,UK-HBN-EB100B,Knowsthorpe HQ,25/08/2020 06:08,25/08/2020 08:36,Leeds Fleet Account,16.049,02:27:30,0,16.049
44071,553,UK-HBN-EB37B,Farnley Hall,25/08/2020 06:23,25/08/2020 14:59,Leeds Fleet Account,28.445,08:36:07,0,28.445
44074,562,UK-HBN-EB59,Print Unit Limewood Approach,25/08/2020 06:58,25/08/2020 15:41,Leeds Fleet Account,17.058,08:42:59,0,17.058
44085,602,UK-HBN-EB141B,Henshaw 2,25/08/2020 08:01,25/08/2020 13:19,Leeds Fleet Account,8.226,05:18:28,0,8.226
44119,559,UK-HBN-EB39A,Westland Road,25/08/2020 10:42,25/08/2020 11:23,Leeds Fleet Account,4.415,00:40:57,0,4.415
44131,575,UK-HBN-EB99B,Knowsthorpe HQ,25/08/2020 12:23,25/08/2020 15:40,Leeds Fleet Account,8.478,03:17:16,0,8.478
44135,578,UK-HBN-EB100B,Knowsthorpe HQ,25/08/2020 12:38,25/08/2020 16:24,Leeds Fleet Account,22.341,03:45:58,0,22.341
44134,577,UK-HBN-EB100A,Knowsthorpe HQ,25/08/2020 12:38,26/08/2020 08:49,Leeds Fleet Account,12.905,20:11:27,0,12.905
44136,577,UK-HBN-EB100A,Knowsthorpe HQ,25/08/2020 12:48,26/08/2020 09:16,Leeds Fleet Account,10.921,20:27:19,0,10.921
44173,560,UK-HBN-EB39B,Westland Road,25/08/2020 14:21,26/08/2020 07:11,Leeds Fleet Account,20.659,16:50:13,0,20.659
44193,604,UK-HBN-EB143,Henshaw 3,25/08/2020 15:30,26/08/2020 05:21,Leeds Fleet Account,20.561,13:50:20,0,20.561
44217,559,UK-HBN-EB39A,Westland Road,26/08/2020 05:34,26/08/2020 06:55,Leeds Fleet Account,7.764,01:20:32,0,7.764
44221,553,UK-HBN-EB37B,Farnley Hall,26/08/2020 06:30,01/09/2020 12:16,Leeds Fleet Account,30.649,149:46:25,0,30.649
44220,562,UK-HBN-EB59,Print Unit Limewood Approach,26/08/2020 06:30,26/08/2020 08:00,Leeds Fleet Account,9.425,01:30:28,0,9.425
44225,578,UK-HBN-EB100B,Knowsthorpe HQ,26/08/2020 06:51,26/08/2020 08:53,Leeds Fleet Account,12.299,02:02:01,0,12.299
44226,578,UK-HBN-EB100B,Knowsthorpe HQ,26/08/2020 07:01,26/08/2020 08:53,Leeds Fleet Account,10.042,01:52:39,0,10.042
44228,562,UK-HBN-EB59,Print Unit Limewood Approach,26/08/2020 07:03,26/08/2020 15:28,Leeds Fleet Account,18.531,08:24:42,0,18.531
44237,661,UK-HBN-EB41B,Knowsthorpe Refuse B,26/08/2020 08:23,26/08/2020 11:12,Leeds Fleet Account,19.585,02:48:36,0,19.585
44238,601,UK-HBN-EB141A,Henshaw 1,26/08/2020 08:48,26/08/2020 13:19,Leeds Fleet Account,8.119,04:30:59,0,8.119
44246,578,UK-HBN-EB100B,Knowsthorpe HQ,26/08/2020 09:29,27/08/2020 08:23,Leeds Fleet Account,36.912,22:54:13,0,36.912
44265,550,UK-HBN-EB34,Millshaw Park Way,26/08/2020 12:18,27/08/2020 08:01,Leeds Fleet Account,7.352,19:43:10,0,7.352
44267,577,UK-HBN-EB100A,Knowsthorpe HQ,26/08/2020 12:33,26/08/2020 13:21,Leeds Fleet Account,5.673,00:47:41,0,5.673
44268,577,UK-HBN-EB100A,Knowsthorpe HQ,26/08/2020 12:34,26/08/2020 16:30,Leeds Fleet Account,13.144,03:55:17,0,13.144
44269,578,UK-HBN-EB100B,Knowsthorpe HQ,26/08/2020 12:43,27/08/2020 08:33,Leeds Fleet Account,9.447,19:50:12,0,9.447
44272,575,UK-HBN-EB99B,Knowsthorpe HQ,26/08/2020 13:04,27/08/2020 08:28,Leeds Fleet Account,22.659,19:24:51,0,22.659
44274,560,UK-HBN-EB39B,Westland Road,26/08/2020 13:43,26/08/2020 14:31,Leeds Fleet Account,5.418,00:48:14,0,5.418
44283,559,UK-HBN-EB39A,Westland Road,26/08/2020 14:34,27/08/2020 06:58,Leeds Fleet Account,14.315,16:24:10,0,14.315
44287,552,UK-HBN-EB36,St George House - Great George Street,26/08/2020 14:59,03/09/2020 08:04,Leeds Fleet Account,18.131,185:05:12,0,18.131
44318,559,UK-HBN-EB39A,Westland Road,27/08/2020 05:47,27/08/2020 11:44,Leeds Fleet Account,14.326,05:56:57,0,14.326
44317,560,UK-HBN-EB39B,Westland Road,27/08/2020 05:47,27/08/2020 08:16,Leeds Fleet Account,15.448,02:29:19,0,15.448
44323,562,UK-HBN-EB59,Print Unit Limewood Approach,27/08/2020 06:48,27/08/2020 08:20,Leeds Fleet Account,9.686,01:31:45,0,9.686
44324,575,UK-HBN-EB99B,Knowsthorpe HQ,27/08/2020 06:56,27/08/2020 08:38,Leeds Fleet Account,12.055,01:41:08,0,12.055
44336,562,UK-HBN-EB59,Print Unit Limewood Approach,27/08/2020 07:56,27/08/2020 10:59,Leeds Fleet Account,19.279,03:03:26,0,19.279
44478,661,UK-HBN-EB41B,Knowsthorpe Refuse B,27/08/2020 08:49,27/08/2020 11:11,Leeds Fleet Account,12.011,02:21:35,0,12.011
44568,659,UK-HBN-EB42B,Knowsthorpe Refuse B,27/08/2020 08:57,27/08/2020 09:38,Leeds Fleet Account,0,00:41:35,0,0
44632,604,UK-HBN-EB143,Henshaw 3,27/08/2020 10:31,27/08/2020 14:42,Leeds Fleet Account,7.779,04:11:31,0,7.779
44651,562,UK-HBN-EB59,Print Unit Limewood Approach,27/08/2020 11:05,27/08/2020 15:30,Leeds Fleet Account,10.677,04:24:37,0,10.677
44653,658,UK-HBN-EB42A,Knowsthorpe Refuse A,27/08/2020 11:27,27/08/2020 12:38,Leeds Fleet Account,8.16,01:10:28,0,8.16
44658,555,UK-HBN-EB37A,Farnley Hall,27/08/2020 12:27,01/09/2020 10:37,Leeds Fleet Account,11.504,118:09:33,0,11.504
44660,577,UK-HBN-EB100A,Knowsthorpe HQ,27/08/2020 12:29,28/08/2020 07:11,Leeds Fleet Account,23.091,18:42:19,0,23.091
44661,575,UK-HBN-EB99B,Knowsthorpe HQ,27/08/2020 12:30,27/08/2020 16:21,Leeds Fleet Account,12.078,03:50:52,0,12.078
44663,577,UK-HBN-EB100A,Knowsthorpe HQ,27/08/2020 12:39,28/08/2020 08:59,Leeds Fleet Account,8.772,20:20:27,0,8.772
44665,578,UK-HBN-EB100B,Knowsthorpe HQ,27/08/2020 12:45,28/08/2020 08:43,Leeds Fleet Account,21.748,19:57:41,0,21.748
44667,578,UK-HBN-EB100B,Knowsthorpe HQ,27/08/2020 13:07,28/08/2020 08:54,Leeds Fleet Account,28.214,19:47:18,0,28.214
44669,575,UK-HBN-EB99B,Knowsthorpe HQ,27/08/2020 13:14,28/08/2020 08:54,Leeds Fleet Account,26.755,19:39:39,0,26.755
44690,560,UK-HBN-EB39B,Westland Road,27/08/2020 14:21,28/08/2020 06:50,Leeds Fleet Account,15.021,16:28:33,0,15.021
44697,658,UK-HBN-EB42A,Knowsthorpe Refuse A,27/08/2020 14:45,27/08/2020 16:45,Leeds Fleet Account,14.265,02:00:17,0,14.265
44703,604,UK-HBN-EB143,Henshaw 3,27/08/2020 15:44,28/08/2020 05:20,Leeds Fleet Account,14.577,13:36:50,0,14.577
44725,560,UK-HBN-EB39B,Westland Road,28/08/2020 05:45,28/08/2020 07:38,Leeds Fleet Account,12.253,01:53:27,0,12.253
44731,562,UK-HBN-EB59,Print Unit Limewood Approach,28/08/2020 07:02,01/09/2020 06:06,Leeds Fleet Account,18.827,95:04:34,0,18.827
44735,604,UK-HBN-EB143,Henshaw 3,28/08/2020 07:15,28/08/2020 11:16,Leeds Fleet Account,7.681,04:01:09,0,7.681
44748,661,UK-HBN-EB41B,Knowsthorpe Refuse B,28/08/2020 09:10,28/08/2020 12:36,Leeds Fleet Account,0.759,03:25:50,0,0.759
44757,603,UK-HBN-EB142,Henshaw 3,28/08/2020 10:30,28/08/2020 10:31,Leeds Fleet Account,0.156,00:01:31,0,0.156
44762,603,UK-HBN-EB142,Henshaw 3,28/08/2020 10:32,28/08/2020 14:05,Leeds Fleet Account,17.36,03:32:45,0,17.36
44767,577,UK-HBN-EB100A,Knowsthorpe HQ,28/08/2020 11:48,01/09/2020 07:20,Leeds Fleet Account,12.625,91:31:39,0,12.625
44775,575,UK-HBN-EB99B,Knowsthorpe HQ,28/08/2020 12:30,28/08/2020 16:36,Leeds Fleet Account,13.015,04:06:13,0,13.015
44777,661,UK-HBN-EB41B,Knowsthorpe Refuse B,28/08/2020 12:37,28/08/2020 12:37,Leeds Fleet Account,0,00:00:13,0,0
44779,577,UK-HBN-EB100A,Knowsthorpe HQ,28/08/2020 12:53,29/08/2020 09:21,Leeds Fleet Account,16.801,20:27:32,0,16.801
44786,578,UK-HBN-EB100B,Knowsthorpe HQ,28/08/2020 13:04,29/08/2020 09:19,Leeds Fleet Account,13.29,20:14:40,0,13.29
44802,560,UK-HBN-EB39B,Westland Road,28/08/2020 14:12,01/09/2020 06:53,Leeds Fleet Account,20.302,88:40:28,0,20.302
44822,578,UK-HBN-EB100B,Knowsthorpe HQ,28/08/2020 17:24,29/08/2020 09:31,Leeds Fleet Account,18.477,16:06:46,0,18.477
44842,661,UK-HBN-EB41B,Knowsthorpe Refuse B,29/08/2020 04:36,29/08/2020 04:37,Leeds Fleet Account,0,00:00:27,0,0
44843,658,UK-HBN-EB42A,Knowsthorpe Refuse A,29/08/2020 04:42,29/08/2020 11:09,Leeds Fleet Account,15.598,06:27:33,0,15.598
44844,659,UK-HBN-EB42B,Knowsthorpe Refuse B,29/08/2020 04:45,29/08/2020 10:47,Leeds Fleet Account,28.012,06:01:58,0,28.012
44852,661,UK-HBN-EB41B,Knowsthorpe Refuse B,29/08/2020 09:25,29/08/2020 11:07,Leeds Fleet Account,11.971,01:42:32,0,11.971
44856,661,UK-HBN-EB41B,Knowsthorpe Refuse B,29/08/2020 11:08,29/08/2020 12:21,Leeds Fleet Account,8.639,01:13:30,0,8.639
44860,575,UK-HBN-EB99B,Knowsthorpe HQ,29/08/2020 12:59,30/08/2020 08:08,Leeds Fleet Account,22.253,19:09:15,0,22.253
44861,578,UK-HBN-EB100B,Knowsthorpe HQ,29/08/2020 13:05,30/08/2020 09:08,Leeds Fleet Account,8.779,20:03:29,0,8.779
44865,577,UK-HBN-EB100A,Knowsthorpe HQ,29/08/2020 13:37,30/08/2020 09:47,Leeds Fleet Account,17.969,20:10:37,0,17.969
44869,578,UK-HBN-EB100B,Knowsthorpe HQ,29/08/2020 16:15,30/08/2020 09:12,Leeds Fleet Account,20.039,16:57:07,0,20.039
44897,577,UK-HBN-EB100A,Knowsthorpe HQ,30/08/2020 12:11,31/08/2020 10:09,Leeds Fleet Account,14.578,21:58:04,0,14.578
44899,575,UK-HBN-EB99B,Knowsthorpe HQ,30/08/2020 13:03,31/08/2020 10:06,Leeds Fleet Account,12.777,21:03:02,0,12.777
44900,578,UK-HBN-EB100B,Knowsthorpe HQ,30/08/2020 13:08,31/08/2020 09:29,Leeds Fleet Account,8.143,20:21:40,0,8.143
44929,661,UK-HBN-EB41B,Knowsthorpe Refuse B,31/08/2020 04:15,31/08/2020 13:17,Leeds Fleet Account,4.369,09:02:30,0,4.369
44934,602,UK-HBN-EB141B,Henshaw 2,31/08/2020 09:00,31/08/2020 15:09,Leeds Fleet Account,18.697,06:08:38,0,18.697
44952,575,UK-HBN-EB99B,Knowsthorpe HQ,31/08/2020 13:24,01/09/2020 08:57,Leeds Fleet Account,20.612,19:33:31,0,20.612
44965,578,UK-HBN-EB100B,Knowsthorpe HQ,31/08/2020 17:19,01/09/2020 08:47,Leeds Fleet Account,17.157,15:27:48,0,17.157
44966,577,UK-HBN-EB100A,Knowsthorpe HQ,31/08/2020 17:24,01/09/2020 09:02,Leeds Fleet Account,14.098,15:38:05,0,14.098
44980,661,UK-HBN-EB41B,Knowsthorpe Refuse B,01/09/2020 04:18,01/09/2020 12:52,Leeds Fleet Account,7.787,08:34:25,0,7.787
44981,658,UK-HBN-EB42A,Knowsthorpe Refuse A,01/09/2020 04:48,01/09/2020 04:48,Leeds Fleet Account,0,00:00:13,0,0
44982,658,UK-HBN-EB42A,Knowsthorpe Refuse A,01/09/2020 04:49,01/09/2020 09:43,Leeds Fleet Account,8.788,04:54:27,0,8.788
44984,562,UK-HBN-EB59,Print Unit Limewood Approach,01/09/2020 06:07,01/09/2020 12:35,Leeds Fleet Account,36.999,06:27:46,0,36.999
44993,661,UK-HBN-EB41B,Knowsthorpe Refuse B,01/09/2020 07:42,01/09/2020 11:50,Leeds Fleet Account,13.822,04:08:10,0,13.822
45021,603,UK-HBN-EB142,Henshaw 3,01/09/2020 11:50,01/09/2020 14:53,Leeds Fleet Account,6.248,03:03:12,0,6.248
45034,658,UK-HBN-EB42A,Knowsthorpe Refuse A,01/09/2020 12:32,01/09/2020 13:58,Leeds Fleet Account,10.161,01:25:12,0,10.161
45037,575,UK-HBN-EB99B,Knowsthorpe HQ,01/09/2020 12:47,02/09/2020 07:10,Leeds Fleet Account,24.031,18:22:19,0,24.031
45041,578,UK-HBN-EB100B,Knowsthorpe HQ,01/09/2020 13:36,01/09/2020 13:37,Leeds Fleet Account,0.028,00:00:41,0,0.028
45042,578,UK-HBN-EB100B,Knowsthorpe HQ,01/09/2020 13:39,02/09/2020 09:23,Leeds Fleet Account,16.335,19:44:06,0,16.335
45043,577,UK-HBN-EB100A,Knowsthorpe HQ,01/09/2020 13:43,02/09/2020 09:31,Leeds Fleet Account,22.711,19:47:55,0,22.711
45049,577,UK-HBN-EB100A,Knowsthorpe HQ,01/09/2020 14:07,01/09/2020 14:08,Leeds Fleet Account,0,00:00:41,0,0
45048,577,UK-HBN-EB100A,Knowsthorpe HQ,01/09/2020 14:07,01/09/2020 14:07,Leeds Fleet Account,0,00:00:11,0,0
45050,577,UK-HBN-EB100A,Knowsthorpe HQ,01/09/2020 14:08,01/09/2020 14:09,Leeds Fleet Account,0,00:00:38,0,0
45051,578,UK-HBN-EB100B,Knowsthorpe HQ,01/09/2020 14:09,01/09/2020 14:09,Leeds Fleet Account,0,00:00:38,0,0
45053,577,UK-HBN-EB100A,Knowsthorpe HQ,01/09/2020 14:10,01/09/2020 14:10,Leeds Fleet Account,0,00:00:36,0,0
45054,577,UK-HBN-EB100A,Knowsthorpe HQ,01/09/2020 14:11,01/09/2020 14:12,Leeds Fleet Account,0,00:01:35,0,0
45056,577,UK-HBN-EB100A,Knowsthorpe HQ,01/09/2020 14:13,02/09/2020 10:04,Leeds Fleet Account,0,19:50:55,0,0
45055,577,UK-HBN-EB100A,Knowsthorpe HQ,01/09/2020 14:13,01/09/2020 14:13,Leeds Fleet Account,0,00:00:16,0,0
45057,560,UK-HBN-EB39B,Westland Road,01/09/2020 14:30,02/09/2020 06:54,Leeds Fleet Account,13.664,16:24:00,0,13.664
45062,602,UK-HBN-EB141B,Henshaw 2,01/09/2020 14:57,01/09/2020 14:58,Leeds Fleet Account,0.077,00:01:36,0,0.077
45070,602,UK-HBN-EB141B,Henshaw 2,01/09/2020 15:00,03/09/2020 07:48,Leeds Fleet Account,13.972,40:47:55,0,13.972
45103,658,UK-HBN-EB42A,Knowsthorpe Refuse A,02/09/2020 06:09,02/09/2020 08:27,Leeds Fleet Account,7.032,02:18:06,0,7.032
45108,562,UK-HBN-EB59,Print Unit Limewood Approach,02/09/2020 07:01,02/09/2020 13:59,Leeds Fleet Account,25.871,06:58:13,0,25.871
45124,603,UK-HBN-EB142,Henshaw 3,02/09/2020 09:19,02/09/2020 16:15,Leeds Fleet Account,5.963,06:56:04,0,5.963
45162,555,UK-HBN-EB37A,Farnley Hall,02/09/2020 11:54,04/09/2020 08:51,Leeds Fleet Account,1.971,44:57:06,0,1.971
45170,578,UK-HBN-EB100B,Knowsthorpe HQ,02/09/2020 12:35,03/09/2020 09:52,Leeds Fleet Account,17.443,21:16:39,0,17.443
45171,575,UK-HBN-EB99B,Knowsthorpe HQ,02/09/2020 12:41,03/09/2020 09:29,Leeds Fleet Account,19.375,20:47:53,0,19.375
45175,577,UK-HBN-EB100A,Knowsthorpe HQ,02/09/2020 13:18,03/09/2020 08:55,Leeds Fleet Account,25.027,19:37:31,0,25.027
45178,550,UK-HBN-EB34,Millshaw Park Way,02/09/2020 13:32,04/09/2020 07:04,Leeds Fleet Account,9.536,41:32:56,0,9.536
45179,578,UK-HBN-EB100B,Knowsthorpe HQ,02/09/2020 13:56,03/09/2020 09:33,Leeds Fleet Account,16.088,19:36:22,0,16.088
45189,560,UK-HBN-EB39B,Westland Road,02/09/2020 14:27,03/09/2020 06:58,Leeds Fleet Account,13.476,16:31:27,0,13.476
45195,604,UK-HBN-EB143,Henshaw 3,02/09/2020 15:50,03/09/2020 05:21,Leeds Fleet Account,24.931,13:30:26,0,24.931
45226,661,UK-HBN-EB41B,Knowsthorpe Refuse B,03/09/2020 04:13,03/09/2020 10:17,Leeds Fleet Account,14.336,06:03:37,0,14.336
45228,563,UK-HBN-EB62,Print Unit Limewood Approach,03/09/2020 05:38,03/09/2020 08:59,Leeds Fleet Account,23.713,03:20:43,0,23.713
45231,661,UK-HBN-EB41B,Knowsthorpe Refuse B,03/09/2020 06:32,03/09/2020 09:06,Leeds Fleet Account,17.808,02:33:36,0,17.808
45236,562,UK-HBN-EB59,Print Unit Limewood Approach,03/09/2020 06:49,04/09/2020 13:37,Leeds Fleet Account,17.422,30:48:45,0,17.422
45238,658,UK-HBN-EB42A,Knowsthorpe Refuse A,03/09/2020 07:00,03/09/2020 12:51,Leeds Fleet Account,5.845,05:50:34,0,5.845
45241,559,UK-HBN-EB39A,Westland Road,03/09/2020 07:15,03/09/2020 09:55,Leeds Fleet Account,15.372,02:39:43,0,15.372
45279,559,UK-HBN-EB39A,Westland Road,03/09/2020 10:10,03/09/2020 15:34,Leeds Fleet Account,1.151,05:23:49,0,1.151
45285,601,UK-HBN-EB141A,Henshaw 1,03/09/2020 10:39,03/09/2020 16:27,Leeds Fleet Account,5.65,05:47:58,0,5.65
45290,552,UK-HBN-EB36,St George House - Great George Street,03/09/2020 11:30,04/09/2020 10:07,Leeds Fleet Account,3.042,22:36:35,0,3.042
45295,577,UK-HBN-EB100A,Knowsthorpe HQ,03/09/2020 12:29,03/09/2020 15:17,Leeds Fleet Account,18.201,02:48:07,0,18.201
45299,577,UK-HBN-EB100A,Knowsthorpe HQ,03/09/2020 12:43,04/09/2020 08:58,Leeds Fleet Account,8.23,20:15:05,0,8.23
45300,575,UK-HBN-EB99B,Knowsthorpe HQ,03/09/2020 13:15,04/09/2020 09:34,Leeds Fleet Account,17.578,20:19:20,0,17.578
45303,562,UK-HBN-EB59,Print Unit Limewood Approach,03/09/2020 13:56,03/09/2020 15:02,Leeds Fleet Account,6.882,01:05:32,0,6.882
45316,560,UK-HBN-EB39B,Westland Road,03/09/2020 14:25,04/09/2020 06:36,Leeds Fleet Account,14.351,16:10:36,0,14.351
45358,661,UK-HBN-EB41B,Knowsthorpe Refuse B,04/09/2020 04:15,04/09/2020 12:22,Leeds Fleet Account,11.397,08:07:43,0,11.397
45374,559,UK-HBN-EB39A,Westland Road,04/09/2020 07:10,04/09/2020 09:21,Leeds Fleet Account,5.679,02:10:56,0,5.679
45379,550,UK-HBN-EB34,Millshaw Park Way,04/09/2020 07:23,04/09/2020 09:03,Leeds Fleet Account,0.26,01:40:09,0,0.26
45380,661,UK-HBN-EB41B,Knowsthorpe Refuse B,04/09/2020 07:25,04/09/2020 08:55,Leeds Fleet Account,10.597,01:30:01,0,10.597
45399,601,UK-HBN-EB141A,Henshaw 1,04/09/2020 09:10,04/09/2020 10:28,Leeds Fleet Account,4.608,01:18:08,0,4.608
45405,550,UK-HBN-EB34,Millshaw Park Way,04/09/2020 10:30,06/09/2020 10:28,Leeds Fleet Account,4.222,47:57:55,0,4.222
45567,661,UK-HBN-EB41B,Knowsthorpe Refuse B,04/09/2020 11:54,04/09/2020 12:58,Leeds Fleet Account,7.467,01:03:59,0,7.467
45574,658,UK-HBN-EB42A,Knowsthorpe Refuse A,04/09/2020 12:25,04/09/2020 15:29,Leeds Fleet Account,21.903,03:04:15,0,21.903
45575,578,UK-HBN-EB100B,Knowsthorpe HQ,04/09/2020 12:29,05/09/2020 09:24,Leeds Fleet Account,27.121,20:54:43,0,27.121
45576,577,UK-HBN-EB100A,Knowsthorpe HQ,04/09/2020 12:32,04/09/2020 15:34,Leeds Fleet Account,13.346,03:02:21,0,13.346
45578,578,UK-HBN-EB100B,Knowsthorpe HQ,04/09/2020 12:37,05/09/2020 08:54,Leeds Fleet Account,18.445,20:17:02,0,18.445
45579,577,UK-HBN-EB100A,Knowsthorpe HQ,04/09/2020 12:38,05/09/2020 09:05,Leeds Fleet Account,10.258,20:27:09,0,10.258
45580,562,UK-HBN-EB59,Print Unit Limewood Approach,04/09/2020 13:01,04/09/2020 16:23,Leeds Fleet Account,22.291,03:21:56,0,22.291
45581,575,UK-HBN-EB99B,Knowsthorpe HQ,04/09/2020 13:04,05/09/2020 09:20,Leeds Fleet Account,24.62,20:16:06,0,24.62
45588,575,UK-HBN-EB99B,Knowsthorpe HQ,04/09/2020 13:38,05/09/2020 09:26,Leeds Fleet Account,12.032,19:47:45,0,12.032
45592,560,UK-HBN-EB39B,Westland Road,04/09/2020 14:00,07/09/2020 07:03,Leeds Fleet Account,16.016,65:02:49,0,16.016
45593,562,UK-HBN-EB59,Print Unit Limewood Approach,04/09/2020 14:07,07/09/2020 06:39,Leeds Fleet Account,35.053,64:31:52,0,35.053
45606,604,UK-HBN-EB143,Henshaw 3,04/09/2020 15:23,05/09/2020 05:19,Leeds Fleet Account,15.175,13:56:10,0,15.175
45634,658,UK-HBN-EB42A,Knowsthorpe Refuse A,05/09/2020 04:43,05/09/2020 12:05,Leeds Fleet Account,12.044,07:21:59,0,12.044
45638,601,UK-HBN-EB141A,Henshaw 1,05/09/2020 07:15,05/09/2020 07:16,Leeds Fleet Account,0.033,00:01:08,0,0.033
45639,601,UK-HBN-EB141A,Henshaw 1,05/09/2020 07:16,05/09/2020 10:05,Leeds Fleet Account,10.033,02:49:05,0,10.033
45647,602,UK-HBN-EB141B,Henshaw 2,05/09/2020 09:58,05/09/2020 16:15,Leeds Fleet Account,16.426,06:16:21,0,16.426
45648,658,UK-HBN-EB42A,Knowsthorpe Refuse A,05/09/2020 10:12,05/09/2020 12:48,Leeds Fleet Account,16.184,02:36:19,0,16.184
45650,579,UK-HBN-EB104,Seacroft Waste,05/09/2020 10:26,05/09/2020 14:05,Leeds Fleet Account,19.341,03:38:01,0,19.341
45655,577,UK-HBN-EB100A,Knowsthorpe HQ,05/09/2020 12:51,06/09/2020 08:45,Leeds Fleet Account,21.708,19:54:02,0,21.708
45658,575,UK-HBN-EB99B,Knowsthorpe HQ,05/09/2020 13:13,06/09/2020 08:30,Leeds Fleet Account,19.409,19:16:34,0,19.409
45659,578,UK-HBN-EB100B,Knowsthorpe HQ,05/09/2020 13:33,06/09/2020 09:31,Leeds Fleet Account,13.676,19:58:39,0,13.676
45689,578,UK-HBN-EB100B,Knowsthorpe HQ,06/09/2020 12:26,07/09/2020 09:05,Leeds Fleet Account,20.295,20:39:09,0,20.295
45691,577,UK-HBN-EB100A,Knowsthorpe HQ,06/09/2020 12:45,07/09/2020 09:20,Leeds Fleet Account,12.873,20:35:29,0,12.873
45692,575,UK-HBN-EB99B,Knowsthorpe HQ,06/09/2020 13:06,07/09/2020 09:05,Leeds Fleet Account,13.118,19:58:44,0,13.118
45713,660,UK-HBN-EB41A,Knowsthorpe Refuse A,07/09/2020 04:42,07/09/2020 09:14,Leeds Fleet Account,15.69,04:32:31,0,15.69
45725,559,UK-HBN-EB39A,Westland Road,07/09/2020 06:40,07/09/2020 08:30,Leeds Fleet Account,6.177,01:49:31,0,6.177
45735,550,UK-HBN-EB34,Millshaw Park Way,07/09/2020 07:37,07/09/2020 07:41,Leeds Fleet Account,0.249,00:04:35,0,0.249
45736,550,UK-HBN-EB34,Millshaw Park Way,07/09/2020 07:42,07/09/2020 07:42,Leeds Fleet Account,0,00:00:35,0,0
45738,550,UK-HBN-EB34,Millshaw Park Way,07/09/2020 07:43,07/09/2020 13:23,Leeds Fleet Account,20.152,05:40:34,0,20.152
45746,559,UK-HBN-EB39A,Westland Road,07/09/2020 08:50,07/09/2020 09:32,Leeds Fleet Account,0.531,00:41:18,0,0.531
45753,601,UK-HBN-EB141A,Henshaw 1,07/09/2020 09:30,07/09/2020 13:02,Leeds Fleet Account,12.64,03:32:20,0,12.64
45766,559,UK-HBN-EB39A,Westland Road,07/09/2020 11:51,08/09/2020 06:47,Leeds Fleet Account,5.643,18:55:47,0,5.643
45767,577,UK-HBN-EB100A,Knowsthorpe HQ,07/09/2020 11:52,07/09/2020 12:17,Leeds Fleet Account,2.74,00:24:32,0,2.74
45773,575,UK-HBN-EB99B,Knowsthorpe HQ,07/09/2020 12:46,08/09/2020 08:18,Leeds Fleet Account,9.542,19:31:55,0,9.542
45775,577,UK-HBN-EB100A,Knowsthorpe HQ,07/09/2020 13:02,08/09/2020 09:14,Leeds Fleet Account,19.743,20:11:29,0,19.743
45774,602,UK-HBN-EB141B,Henshaw 2,07/09/2020 13:02,07/09/2020 13:27,Leeds Fleet Account,1.406,00:24:17,0,1.406
45783,552,UK-HBN-EB36,St George House - Great George Street,07/09/2020 13:43,09/09/2020 10:50,Leeds Fleet Account,3.397,45:06:47,0,3.397
45789,616,UK-HBN-EB35,Discovery Centre,07/09/2020 13:49,08/09/2020 06:33,Leeds Fleet Account,8.799,16:43:48,0,8.799
45797,560,UK-HBN-EB39B,Westland Road,07/09/2020 14:47,08/09/2020 06:46,Leeds Fleet Account,18.208,15:59:19,0,18.208
45806,604,UK-HBN-EB143,Henshaw 3,07/09/2020 15:49,08/09/2020 05:23,Leeds Fleet Account,18.741,13:33:39,0,18.741
45849,660,UK-HBN-EB41A,Knowsthorpe Refuse A,08/09/2020 07:04,08/09/2020 13:18,Leeds Fleet Account,7.826,06:13:42,0,7.826
45851,562,UK-HBN-EB59,Print Unit Limewood Approach,08/09/2020 07:05,08/09/2020 08:15,Leeds Fleet Account,7.459,01:09:56,0,7.459
45856,601,UK-HBN-EB141A,Henshaw 1,08/09/2020 07:36,08/09/2020 08:32,Leeds Fleet Account,3.251,00:55:54,0,3.251
45860,562,UK-HBN-EB59,Print Unit Limewood Approach,08/09/2020 08:15,08/09/2020 14:07,Leeds Fleet Account,25.057,05:51:49,0,25.057
45891,601,UK-HBN-EB141A,Henshaw 1,08/09/2020 09:50,08/09/2020 14:11,Leeds Fleet Account,10.766,04:20:59,0,10.766
45893,559,UK-HBN-EB39A,Westland Road,08/09/2020 09:53,08/09/2020 12:33,Leeds Fleet Account,5.991,02:40:47,0,5.991
45895,661,UK-HBN-EB41B,Knowsthorpe Refuse B,08/09/2020 09:57,08/09/2020 11:06,Leeds Fleet Account,6.81,01:09:03,0,6.81
45917,601,UK-HBN-EB141A,Henshaw 1,08/09/2020 12:18,08/09/2020 16:32,Leeds Fleet Account,15.036,04:13:15,0,15.036
45921,577,UK-HBN-EB100A,Knowsthorpe HQ,08/09/2020 12:32,09/09/2020 09:58,Leeds Fleet Account,8.654,21:25:49,0,8.654
45922,616,UK-HBN-EB35,Discovery Centre,08/09/2020 12:40,10/09/2020 08:43,Leeds Fleet Account,5.461,44:02:50,0,5.461
45923,577,UK-HBN-EB100A,Knowsthorpe HQ,08/09/2020 12:44,09/09/2020 09:08,Leeds Fleet Account,8.609,20:23:37,0,8.609
45926,658,UK-HBN-EB42A,Knowsthorpe Refuse A,08/09/2020 12:57,08/09/2020 15:18,Leeds Fleet Account,16.609,02:20:19,0,16.609
45930,578,UK-HBN-EB100B,Knowsthorpe HQ,08/09/2020 13:12,09/09/2020 10:04,Leeds Fleet Account,28.392,20:51:54,0,28.392
45931,660,UK-HBN-EB41A,Knowsthorpe Refuse A,08/09/2020 13:34,08/09/2020 16:42,Leeds Fleet Account,14.171,03:07:47,0,14.171
45933,575,UK-HBN-EB99B,Knowsthorpe HQ,08/09/2020 13:35,08/09/2020 13:35,Leeds Fleet Account,0,00:00:04,0,0
45932,578,UK-HBN-EB100B,Knowsthorpe HQ,08/09/2020 13:35,09/09/2020 09:11,Leeds Fleet Account,12.289,19:36:28,0,12.289
45934,575,UK-HBN-EB99B,Knowsthorpe HQ,08/09/2020 13:36,08/09/2020 13:36,Leeds Fleet Account,0,00:00:11,0,0
45936,575,UK-HBN-EB99B,Knowsthorpe HQ,08/09/2020 13:37,09/09/2020 04:58,Leeds Fleet Account,17.248,15:20:57,0,17.248
45946,562,UK-HBN-EB59,Print Unit Limewood Approach,08/09/2020 14:07,08/09/2020 15:33,Leeds Fleet Account,8.964,01:25:57,0,8.964
45949,559,UK-HBN-EB39A,Westland Road,08/09/2020 14:28,09/09/2020 09:27,Leeds Fleet Account,5.969,18:59:44,0,5.969
45950,560,UK-HBN-EB39B,Westland Road,08/09/2020 14:30,09/09/2020 07:11,Leeds Fleet Account,15.126,16:40:43,0,15.126
45954,658,UK-HBN-EB42A,Knowsthorpe Refuse A,08/09/2020 15:19,08/09/2020 16:34,Leeds Fleet Account,8.381,01:15:06,0,8.381
45989,562,UK-HBN-EB59,Print Unit Limewood Approach,09/09/2020 07:06,09/09/2020 09:17,Leeds Fleet Account,13.722,02:10:22,0,13.722
46021,552,UK-HBN-EB36,St George House - Great George Street,09/09/2020 10:50,21/09/2020 12:11,Leeds Fleet Account,6.245,289:20:12,0,6.245
46022,661,UK-HBN-EB41B,Knowsthorpe Refuse B,09/09/2020 11:10,09/09/2020 11:10,Leeds Fleet Account,0,00:00:13,0,0
46023,660,UK-HBN-EB41A,Knowsthorpe Refuse A,09/09/2020 11:11,09/09/2020 12:07,Leeds Fleet Account,6.618,00:56:04,0,6.618
46025,562,UK-HBN-EB59,Print Unit Limewood Approach,09/09/2020 11:20,09/09/2020 12:03,Leeds Fleet Account,4.507,00:42:53,0,4.507
46027,559,UK-HBN-EB39A,Westland Road,09/09/2020 11:28,10/09/2020 06:50,Leeds Fleet Account,8.31,19:21:58,0,8.31
46030,553,UK-HBN-EB37B,Farnley Hall,09/09/2020 12:02,10/09/2020 15:03,Leeds Fleet Account,35.563,27:00:51,0,35.563
46032,661,UK-HBN-EB41B,Knowsthorpe Refuse B,09/09/2020 12:19,09/09/2020 13:33,Leeds Fleet Account,4.135,01:14:44,0,4.135
46035,577,UK-HBN-EB100A,Knowsthorpe HQ,09/09/2020 12:43,10/09/2020 09:37,Leeds Fleet Account,20.352,20:54:46,0,20.352
46036,660,UK-HBN-EB41A,Knowsthorpe Refuse A,09/09/2020 12:49,09/09/2020 14:44,Leeds Fleet Account,12.327,01:55:07,0,12.327
46044,562,UK-HBN-EB59,Print Unit Limewood Approach,09/09/2020 13:24,09/09/2020 15:31,Leeds Fleet Account,13.454,02:06:40,0,13.454
46047,575,UK-HBN-EB99B,Knowsthorpe HQ,09/09/2020 13:37,10/09/2020 09:03,Leeds Fleet Account,9.341,19:25:09,0,9.341
46053,560,UK-HBN-EB39B,Westland Road,09/09/2020 14:17,10/09/2020 06:48,Leeds Fleet Account,13.996,16:31:08,0,13.996
46057,577,UK-HBN-EB100A,Knowsthorpe HQ,09/09/2020 14:31,10/09/2020 14:00,Leeds Fleet Account,24.264,23:29:02,0,24.264
46092,660,UK-HBN-EB41A,Knowsthorpe Refuse A,10/09/2020 06:15,10/09/2020 08:08,Leeds Fleet Account,12.378,01:53:00,0,12.378
46093,602,UK-HBN-EB141B,Henshaw 2,10/09/2020 06:26,10/09/2020 10:53,Leeds Fleet Account,10.004,04:26:59,0,10.004
46094,575,UK-HBN-EB99B,Knowsthorpe HQ,10/09/2020 06:49,10/09/2020 07:04,Leeds Fleet Account,1.719,00:15:19,0,1.719
46096,562,UK-HBN-EB59,Print Unit Limewood Approach,10/09/2020 06:57,10/09/2020 11:51,Leeds Fleet Account,21.178,04:54:16,0,21.178
46099,575,UK-HBN-EB99B,Knowsthorpe HQ,10/09/2020 07:06,10/09/2020 09:37,Leeds Fleet Account,17.871,02:31:17,0,17.871
46104,550,UK-HBN-EB34,Millshaw Park Way,10/09/2020 07:49,10/09/2020 10:44,Leeds Fleet Account,10.502,02:55:32,0,10.502
46121,659,UK-HBN-EB42B,Knowsthorpe Refuse B,10/09/2020 10:28,10/09/2020 10:54,Leeds Fleet Account,3.132,00:26:26,0,3.132
46122,601,UK-HBN-EB141A,Henshaw 1,10/09/2020 10:39,10/09/2020 12:55,Leeds Fleet Account,8.086,02:15:29,0,8.086
46126,562,UK-HBN-EB59,Print Unit Limewood Approach,10/09/2020 11:51,10/09/2020 15:18,Leeds Fleet Account,21.909,03:26:45,0,21.909
46130,659,UK-HBN-EB42B,Knowsthorpe Refuse B,10/09/2020 12:16,10/09/2020 13:32,Leeds Fleet Account,4.315,01:16:27,0,4.315
46134,559,UK-HBN-EB39A,Westland Road,10/09/2020 12:31,10/09/2020 13:02,Leeds Fleet Account,3.357,00:30:49,0,3.357
46133,575,UK-HBN-EB99B,Knowsthorpe HQ,10/09/2020 12:31,11/09/2020 08:39,Leeds Fleet Account,8.766,20:08:02,0,8.766
46135,660,UK-HBN-EB41A,Knowsthorpe Refuse A,10/09/2020 12:32,10/09/2020 13:34,Leeds Fleet Account,7.338,01:01:54,0,7.338
46137,577,UK-HBN-EB100A,Knowsthorpe HQ,10/09/2020 12:44,11/09/2020 09:03,Leeds Fleet Account,27.262,20:18:31,0,27.262
46140,616,UK-HBN-EB35,Discovery Centre,10/09/2020 13:09,11/09/2020 06:22,Leeds Fleet Account,6.58,17:13:05,0,6.58
46143,560,UK-HBN-EB39B,Westland Road,10/09/2020 14:22,11/09/2020 06:58,Leeds Fleet Account,16.369,16:35:54,0,16.369
46149,661,UK-HBN-EB41B,Knowsthorpe Refuse B,10/09/2020 14:49,10/09/2020 16:27,Leeds Fleet Account,6.716,01:37:38,0,6.716
46154,559,UK-HBN-EB39A,Westland Road,10/09/2020 15:17,11/09/2020 06:28,Leeds Fleet Account,8.039,15:11:13,0,8.039
46156,604,UK-HBN-EB143,Henshaw 3,10/09/2020 15:31,11/09/2020 05:20,Leeds Fleet Account,19.997,13:49:03,0,19.997
46175,658,UK-HBN-EB42A,Knowsthorpe Refuse A,11/09/2020 04:45,11/09/2020 08:39,Leeds Fleet Account,27.718,03:54:36,0,27.718
46177,553,UK-HBN-EB37B,Farnley Hall,11/09/2020 06:39,15/09/2020 07:58,Leeds Fleet Account,28.108,97:19:08,0,28.108
46183,577,UK-HBN-EB100A,Knowsthorpe HQ,11/09/2020 06:51,11/09/2020 09:30,Leeds Fleet Account,18.197,02:39:11,0,18.197
46187,562,UK-HBN-EB59,Print Unit Limewood Approach,11/09/2020 07:08,11/09/2020 14:58,Leeds Fleet Account,25.336,07:49:37,0,25.336
46188,601,UK-HBN-EB141A,Henshaw 1,11/09/2020 07:12,11/09/2020 09:58,Leeds Fleet Account,4.219,02:46:10,0,4.219
46197,602,UK-HBN-EB141B,Henshaw 2,11/09/2020 07:33,15/09/2020 09:09,Leeds Fleet Account,29.006,97:35:50,0,29.006
46203,661,UK-HBN-EB41B,Knowsthorpe Refuse B,11/09/2020 08:57,11/09/2020 09:29,Leeds Fleet Account,3.781,00:32:06,0,3.781
46204,658,UK-HBN-EB42A,Knowsthorpe Refuse A,11/09/2020 08:58,11/09/2020 10:00,Leeds Fleet Account,6.865,01:01:41,0,6.865
46208,661,UK-HBN-EB41B,Knowsthorpe Refuse B,11/09/2020 09:29,11/09/2020 11:10,Leeds Fleet Account,11.859,01:40:18,0,11.859
46209,616,UK-HBN-EB35,Discovery Centre,11/09/2020 09:42,11/09/2020 11:35,Leeds Fleet Account,3.273,01:52:22,0,3.273
46210,559,UK-HBN-EB39A,Westland Road,11/09/2020 09:49,11/09/2020 10:39,Leeds Fleet Account,5.47,00:49:50,0,5.47
46214,658,UK-HBN-EB42A,Knowsthorpe Refuse A,11/09/2020 10:23,11/09/2020 12:06,Leeds Fleet Account,12.036,01:43:13,0,12.036
46221,559,UK-HBN-EB39A,Westland Road,11/09/2020 11:34,11/09/2020 12:25,Leeds Fleet Account,5.499,00:51:23,0,5.499
46223,560,UK-HBN-EB39B,Westland Road,11/09/2020 11:57,11/09/2020 11:57,Leeds Fleet Account,0.012,00:00:14,0,0.012
46224,560,UK-HBN-EB39B,Westland Road,11/09/2020 11:58,11/09/2020 11:58,Leeds Fleet Account,0,00:00:09,0,0
46225,559,UK-HBN-EB39A,Westland Road,11/09/2020 12:00,11/09/2020 12:00,Leeds Fleet Account,0.005,00:00:10,0,0.005
46226,616,UK-HBN-EB35,Discovery Centre,11/09/2020 12:21,14/09/2020 06:23,Leeds Fleet Account,0.183,66:01:50,0,0.183
46228,575,UK-HBN-EB99B,Knowsthorpe HQ,11/09/2020 12:30,12/09/2020 09:50,Leeds Fleet Account,8.245,21:20:25,0,8.245
46230,661,UK-HBN-EB41B,Knowsthorpe Refuse B,11/09/2020 12:33,11/09/2020 13:40,Leeds Fleet Account,3.731,01:07:13,0,3.731
46231,578,UK-HBN-EB100B,Knowsthorpe HQ,11/09/2020 12:51,12/09/2020 08:54,Leeds Fleet Account,25.552,20:02:58,0,25.552
46232,575,UK-HBN-EB99B,Knowsthorpe HQ,11/09/2020 12:53,12/09/2020 10:01,Leeds Fleet Account,28.633,21:08:27,0,28.633
46237,601,UK-HBN-EB141A,Henshaw 1,11/09/2020 13:53,11/09/2020 16:10,Leeds Fleet Account,8.146,02:17:18,0,8.146
46240,658,UK-HBN-EB42A,Knowsthorpe Refuse A,11/09/2020 14:01,11/09/2020 16:19,Leeds Fleet Account,10.12,02:17:29,0,10.12
46243,560,UK-HBN-EB39B,Westland Road,11/09/2020 14:17,14/09/2020 06:45,Leeds Fleet Account,15.445,64:28:16,0,15.445
46250,562,UK-HBN-EB59,Print Unit Limewood Approach,11/09/2020 14:57,14/09/2020 06:22,Leeds Fleet Account,23.883,63:24:41,0,23.883
46253,559,UK-HBN-EB39A,Westland Road,11/09/2020 15:20,11/09/2020 15:28,Leeds Fleet Account,0.86,00:08:10,0,0.86
46254,559,UK-HBN-EB39A,Westland Road,11/09/2020 15:30,14/09/2020 07:01,Leeds Fleet Account,11.605,63:31:11,0,11.605
46274,658,UK-HBN-EB42A,Knowsthorpe Refuse A,12/09/2020 07:38,12/09/2020 12:28,Leeds Fleet Account,9.79,04:50:24,0,9.79
46278,658,UK-HBN-EB42A,Knowsthorpe Refuse A,12/09/2020 08:47,12/09/2020 12:29,Leeds Fleet Account,16.05,03:41:19,0,16.05
46279,659,UK-HBN-EB42B,Knowsthorpe Refuse B,12/09/2020 08:53,12/09/2020 12:28,Leeds Fleet Account,20.779,03:35:42,0,20.779
46280,601,UK-HBN-EB141A,Henshaw 1,12/09/2020 09:06,12/09/2020 12:39,Leeds Fleet Account,12.613,03:32:31,0,12.613
46282,577,UK-HBN-EB100A,Knowsthorpe HQ,12/09/2020 09:44,12/09/2020 10:46,Leeds Fleet Account,7.278,01:01:18,0,7.278
46285,550,UK-HBN-EB34,Millshaw Park Way,12/09/2020 11:43,14/09/2020 09:52,Leeds Fleet Account,15.549,46:09:06,0,15.549
46286,601,UK-HBN-EB141A,Henshaw 1,12/09/2020 12:39,12/09/2020 16:27,Leeds Fleet Account,11.578,03:47:50,0,11.578
46290,577,UK-HBN-EB100A,Knowsthorpe HQ,12/09/2020 13:22,13/09/2020 10:16,Leeds Fleet Account,7.763,20:53:33,0,7.763
46291,578,UK-HBN-EB100B,Knowsthorpe HQ,12/09/2020 13:28,13/09/2020 08:47,Leeds Fleet Account,20.194,19:18:40,0,20.194
46292,575,UK-HBN-EB99B,Knowsthorpe HQ,12/09/2020 13:31,13/09/2020 09:57,Leeds Fleet Account,12.847,20:26:24,0,12.847
46314,578,UK-HBN-EB100B,Knowsthorpe HQ,13/09/2020 09:04,13/09/2020 09:55,Leeds Fleet Account,5.898,00:51:14,0,5.898
46324,578,UK-HBN-EB100B,Knowsthorpe HQ,13/09/2020 12:34,13/09/2020 12:36,Leeds Fleet Account,0.235,00:02:08,0,0.235
46325,577,UK-HBN-EB100A,Knowsthorpe HQ,13/09/2020 12:38,14/09/2020 08:59,Leeds Fleet Account,4.848,20:21:17,0,4.848
46327,578,UK-HBN-EB100B,Knowsthorpe HQ,13/09/2020 13:33,14/09/2020 08:31,Leeds Fleet Account,12.409,18:57:25,0,12.409
46328,577,UK-HBN-EB100A,Knowsthorpe HQ,13/09/2020 13:35,14/09/2020 08:36,Leeds Fleet Account,10.78,19:00:34,0,10.78
46354,658,UK-HBN-EB42A,Knowsthorpe Refuse A,14/09/2020 06:42,14/09/2020 10:28,Leeds Fleet Account,8.425,03:46:50,0,8.425
46374,559,UK-HBN-EB39A,Westland Road,14/09/2020 09:53,14/09/2020 12:21,Leeds Fleet Account,8.881,02:28:11,0,8.881
46385,601,UK-HBN-EB141A,Henshaw 1,14/09/2020 12:27,14/09/2020 16:19,Leeds Fleet Account,10.18,03:52:47,0,10.18
46386,616,UK-HBN-EB35,Discovery Centre,14/09/2020 12:41,14/09/2020 12:42,Leeds Fleet Account,0,00:00:28,0,0
46387,616,UK-HBN-EB35,Discovery Centre,14/09/2020 12:43,15/09/2020 06:17,Leeds Fleet Account,11.137,17:34:45,0,11.137
46390,575,UK-HBN-EB99B,Knowsthorpe HQ,14/09/2020 12:47,15/09/2020 08:30,Leeds Fleet Account,9.181,19:43:41,0,9.181
46394,577,UK-HBN-EB100A,Knowsthorpe HQ,14/09/2020 13:06,15/09/2020 08:40,Leeds Fleet Account,20.463,19:34:24,0,20.463
46398,578,UK-HBN-EB100B,Knowsthorpe HQ,14/09/2020 13:15,15/09/2020 08:46,Leeds Fleet Account,17.832,19:30:33,0,17.832
46406,560,UK-HBN-EB39B,Westland Road,14/09/2020 14:21,15/09/2020 07:02,Leeds Fleet Account,16.211,16:41:00,0,16.211
46415,559,UK-HBN-EB39A,Westland Road,14/09/2020 15:09,15/09/2020 06:41,Leeds Fleet Account,9.496,15:31:46,0,9.496
46448,601,UK-HBN-EB141A,Henshaw 1,15/09/2020 06:00,15/09/2020 06:45,Leeds Fleet Account,2.609,00:44:54,0,2.609
46447,658,UK-HBN-EB42A,Knowsthorpe Refuse A,15/09/2020 06:00,15/09/2020 08:27,Leeds Fleet Account,17.45,02:27:29,0,17.45
46453,562,UK-HBN-EB59,Print Unit Limewood Approach,15/09/2020 07:08,15/09/2020 15:30,Leeds Fleet Account,17.76,08:21:28,0,17.76
46462,559,UK-HBN-EB39A,Westland Road,15/09/2020 08:33,15/09/2020 08:35,Leeds Fleet Account,0.099,00:01:26,0,0.099
46463,559,UK-HBN-EB39A,Westland Road,15/09/2020 08:35,15/09/2020 08:36,Leeds Fleet Account,0.022,00:00:28,0,0.022
46464,559,UK-HBN-EB39A,Westland Road,15/09/2020 08:36,15/09/2020 14:55,Leeds Fleet Account,23.532,06:19:13,0,23.532
46469,602,UK-HBN-EB141B,Henshaw 2,15/09/2020 09:22,18/09/2020 08:28,Leeds Fleet Account,0.947,71:05:52,0,0.947
46471,660,UK-HBN-EB41A,Knowsthorpe Refuse A,15/09/2020 09:25,15/09/2020 09:26,Leeds Fleet Account,0,00:01:00,0,0
46472,660,UK-HBN-EB41A,Knowsthorpe Refuse A,15/09/2020 09:26,15/09/2020 16:29,Leeds Fleet Account,6.96,07:02:41,0,6.96
46473,658,UK-HBN-EB42A,Knowsthorpe Refuse A,15/09/2020 09:27,15/09/2020 12:38,Leeds Fleet Account,19.232,03:11:09,0,19.232
46476,659,UK-HBN-EB42B,Knowsthorpe Refuse B,15/09/2020 10:18,15/09/2020 12:09,Leeds Fleet Account,10.829,01:51:32,0,10.829
46480,616,UK-HBN-EB35,Discovery Centre,15/09/2020 11:14,16/09/2020 06:43,Leeds Fleet Account,13.015,19:29:08,0,13.015
46491,575,UK-HBN-EB99B,Knowsthorpe HQ,15/09/2020 12:36,16/09/2020 09:14,Leeds Fleet Account,8.854,20:38:36,0,8.854
46493,578,UK-HBN-EB100B,Knowsthorpe HQ,15/09/2020 12:45,16/09/2020 09:29,Leeds Fleet Account,22.454,20:44:22,0,22.454
46500,575,UK-HBN-EB99B,Knowsthorpe HQ,15/09/2020 13:09,16/09/2020 09:10,Leeds Fleet Account,14.011,20:00:13,0,14.011
46517,560,UK-HBN-EB39B,Westland Road,15/09/2020 14:19,15/09/2020 15:14,Leeds Fleet Account,5.884,00:54:42,0,5.884
46527,560,UK-HBN-EB39B,Westland Road,15/09/2020 15:14,16/09/2020 07:02,Leeds Fleet Account,9.62,15:47:48,0,9.62
46528,560,UK-HBN-EB39B,Westland Road,15/09/2020 15:17,16/09/2020 06:40,Leeds Fleet Account,11.972,15:22:27,0,11.972
46567,660,UK-HBN-EB41A,Knowsthorpe Refuse A,16/09/2020 06:20,16/09/2020 13:22,Leeds Fleet Account,6.905,07:02:34,0,6.905
46570,562,UK-HBN-EB59,Print Unit Limewood Approach,16/09/2020 07:01,16/09/2020 12:36,Leeds Fleet Account,17.306,05:35:10,0,17.306
46589,601,UK-HBN-EB141A,Henshaw 1,16/09/2020 08:28,16/09/2020 15:12,Leeds Fleet Account,13.003,06:43:36,0,13.003
46592,559,UK-HBN-EB39A,Westland Road,16/09/2020 09:48,16/09/2020 09:48,Leeds Fleet Account,0,00:00:09,0,0
46593,559,UK-HBN-EB39A,Westland Road,16/09/2020 09:49,16/09/2020 12:20,Leeds Fleet Account,8.693,02:30:59,0,8.693
46596,658,UK-HBN-EB42A,Knowsthorpe Refuse A,16/09/2020 09:59,16/09/2020 12:01,Leeds Fleet Account,11.169,02:01:35,0,11.169
46609,659,UK-HBN-EB42B,Knowsthorpe Refuse B,16/09/2020 10:45,16/09/2020 14:32,Leeds Fleet Account,6.136,03:47:31,0,6.136
46610,601,UK-HBN-EB141A,Henshaw 1,16/09/2020 10:47,16/09/2020 13:18,Leeds Fleet Account,8.894,02:31:45,0,8.894
46618,562,UK-HBN-EB59,Print Unit Limewood Approach,16/09/2020 12:18,16/09/2020 14:55,Leeds Fleet Account,16.518,02:37:03,0,16.518
46619,575,UK-HBN-EB99B,Knowsthorpe HQ,16/09/2020 12:36,17/09/2020 08:44,Leeds Fleet Account,8.478,20:08:31,0,8.478
46621,578,UK-HBN-EB100B,Knowsthorpe HQ,16/09/2020 12:46,17/09/2020 09:36,Leeds Fleet Account,12.212,20:50:06,0,12.212
46626,578,UK-HBN-EB100B,Knowsthorpe HQ,16/09/2020 13:14,17/09/2020 08:52,Leeds Fleet Account,17.859,19:38:02,0,17.859
46627,601,UK-HBN-EB141A,Henshaw 1,16/09/2020 13:19,17/09/2020 06:08,Leeds Fleet Account,20.795,16:49:07,0,20.795
46632,560,UK-HBN-EB39B,Westland Road,16/09/2020 14:27,17/09/2020 06:53,Leeds Fleet Account,18.699,16:25:55,0,18.699
46633,616,UK-HBN-EB35,Discovery Centre,16/09/2020 14:28,17/09/2020 06:20,Leeds Fleet Account,3.758,15:52:49,0,3.758
46634,555,UK-HBN-EB37A,Farnley Hall,16/09/2020 14:30,22/09/2020 09:21,Leeds Fleet Account,3.393,138:51:02,0,3.393
46646,559,UK-HBN-EB39A,Westland Road,16/09/2020 15:11,16/09/2020 15:11,Leeds Fleet Account,0,00:00:05,0,0
46647,559,UK-HBN-EB39A,Westland Road,16/09/2020 15:12,17/09/2020 06:29,Leeds Fleet Account,9.211,15:16:48,0,9.211
46654,604,UK-HBN-EB143,Henshaw 3,16/09/2020 15:36,16/09/2020 15:43,Leeds Fleet Account,0.423,00:07:38,0,0.423
46660,603,UK-HBN-EB142,Henshaw 3,16/09/2020 15:48,17/09/2020 05:25,Leeds Fleet Account,22.595,13:36:57,0,22.595
46702,553,UK-HBN-EB37B,Farnley Hall,17/09/2020 06:50,17/09/2020 14:49,Leeds Fleet Account,13.607,07:58:50,0,13.607
46704,560,UK-HBN-EB39B,Westland Road,17/09/2020 06:53,17/09/2020 06:54,Leeds Fleet Account,0,00:00:11,0,0
46705,575,UK-HBN-EB99B,Knowsthorpe HQ,17/09/2020 06:56,17/09/2020 08:15,Leeds Fleet Account,9.419,01:19:31,0,9.419
46706,562,UK-HBN-EB59,Print Unit Limewood Approach,17/09/2020 06:58,17/09/2020 11:47,Leeds Fleet Account,22.841,04:49:14,0,22.841
46714,658,UK-HBN-EB42A,Knowsthorpe Refuse A,17/09/2020 07:47,17/09/2020 11:15,Leeds Fleet Account,23.889,03:27:27,0,23.889
46731,601,UK-HBN-EB141A,Henshaw 1,17/09/2020 08:49,17/09/2020 09:44,Leeds Fleet Account,3.197,00:55:04,0,3.197
46732,559,UK-HBN-EB39A,Westland Road,17/09/2020 08:55,17/09/2020 13:03,Leeds Fleet Account,5.539,04:08:23,0,5.539
46733,660,UK-HBN-EB41A,Knowsthorpe Refuse A,17/09/2020 09:02,17/09/2020 16:39,Leeds Fleet Account,9.242,07:36:21,0,9.242
46751,553,UK-HBN-EB37B,Farnley Hall,17/09/2020 10:48,17/09/2020 15:02,Leeds Fleet Account,6.446,04:14:38,0,6.446
46754,562,UK-HBN-EB59,Print Unit Limewood Approach,17/09/2020 11:24,17/09/2020 14:59,Leeds Fleet Account,22.712,03:34:57,0,22.712
46756,660,UK-HBN-EB41A,Knowsthorpe Refuse A,17/09/2020 11:40,17/09/2020 16:45,Leeds Fleet Account,12.654,05:05:14,0,12.654
46762,661,UK-HBN-EB41B,Knowsthorpe Refuse B,17/09/2020 12:37,17/09/2020 13:56,Leeds Fleet Account,4.389,01:19:15,0,4.389
46763,575,UK-HBN-EB99B,Knowsthorpe HQ,17/09/2020 12:43,18/09/2020 08:26,Leeds Fleet Account,8.784,19:42:21,0,8.784
46765,578,UK-HBN-EB100B,Knowsthorpe HQ,17/09/2020 12:48,18/09/2020 09:43,Leeds Fleet Account,13.99,20:55:02,0,13.99
46770,578,UK-HBN-EB100B,Knowsthorpe HQ,17/09/2020 13:10,18/09/2020 08:32,Leeds Fleet Account,20.168,19:21:50,0,20.168
46773,616,UK-HBN-EB35,Discovery Centre,17/09/2020 13:52,21/09/2020 06:33,Leeds Fleet Account,10.94,88:41:23,0,10.94
46782,560,UK-HBN-EB39B,Westland Road,17/09/2020 14:30,18/09/2020 06:54,Leeds Fleet Account,16.701,16:23:35,0,16.701
46792,577,UK-HBN-EB100A,Knowsthorpe HQ,17/09/2020 15:02,18/09/2020 08:30,Leeds Fleet Account,19.101,17:27:25,0,19.101
46797,559,UK-HBN-EB39A,Westland Road,17/09/2020 15:12,18/09/2020 06:28,Leeds Fleet Account,6.572,15:16:23,0,6.572
46805,577,UK-HBN-EB100A,Knowsthorpe HQ,17/09/2020 15:43,17/09/2020 15:43,Leeds Fleet Account,0,00:00:11,0,0
46832,661,UK-HBN-EB41B,Knowsthorpe Refuse B,18/09/2020 04:24,18/09/2020 07:59,Leeds Fleet Account,11.978,03:35:08,0,11.978
46835,559,UK-HBN-EB39A,Westland Road,18/09/2020 05:35,18/09/2020 07:51,Leeds Fleet Account,12.573,02:15:42,0,12.573
46838,563,UK-HBN-EB62,Print Unit Limewood Approach,18/09/2020 05:53,18/09/2020 05:54,Leeds Fleet Account,0,00:00:28,0,0
46837,563,UK-HBN-EB62,Print Unit Limewood Approach,18/09/2020 05:53,18/09/2020 05:53,Leeds Fleet Account,0,00:00:25,0,0
46839,563,UK-HBN-EB62,Print Unit Limewood Approach,18/09/2020 05:54,18/09/2020 05:55,Leeds Fleet Account,0,00:00:39,0,0
46840,563,UK-HBN-EB62,Print Unit Limewood Approach,18/09/2020 05:55,18/09/2020 05:55,Leeds Fleet Account,0,00:00:05,0,0
46841,563,UK-HBN-EB62,Print Unit Limewood Approach,18/09/2020 05:56,18/09/2020 05:56,Leeds Fleet Account,0,00:00:12,0,0
46842,563,UK-HBN-EB62,Print Unit Limewood Approach,18/09/2020 05:57,18/09/2020 09:43,Leeds Fleet Account,23.792,03:45:45,0,23.792
46848,553,UK-HBN-EB37B,Farnley Hall,18/09/2020 06:38,22/09/2020 15:02,Leeds Fleet Account,29.197,104:23:10,0,29.197
46856,562,UK-HBN-EB59,Print Unit Limewood Approach,18/09/2020 06:59,18/09/2020 15:47,Leeds Fleet Account,23.383,08:48:11,0,23.383
46879,559,UK-HBN-EB39A,Westland Road,18/09/2020 09:55,18/09/2020 09:55,Leeds Fleet Account,0,00:00:03,0,0
46881,602,UK-HBN-EB141B,Henshaw 2,18/09/2020 09:56,19/09/2020 07:56,Leeds Fleet Account,1.235,21:59:47,0,1.235
46880,559,UK-HBN-EB39A,Westland Road,18/09/2020 09:56,18/09/2020 12:28,Leeds Fleet Account,9.166,02:31:58,0,9.166
46882,660,UK-HBN-EB41A,Knowsthorpe Refuse A,18/09/2020 10:02,18/09/2020 12:07,Leeds Fleet Account,14.928,02:04:45,0,14.928
46890,601,UK-HBN-EB141A,Henshaw 1,18/09/2020 10:12,18/09/2020 10:13,Leeds Fleet Account,0,00:00:46,0,0
46891,601,UK-HBN-EB141A,Henshaw 1,18/09/2020 10:14,18/09/2020 15:53,Leeds Fleet Account,15.726,05:39:52,0,15.726
46900,661,UK-HBN-EB41B,Knowsthorpe Refuse B,18/09/2020 12:04,18/09/2020 14:29,Leeds Fleet Account,11.241,02:25:32,0,11.241
46902,660,UK-HBN-EB41A,Knowsthorpe Refuse A,18/09/2020 12:23,18/09/2020 13:17,Leeds Fleet Account,3.087,00:54:19,0,3.087
46903,575,UK-HBN-EB99B,Knowsthorpe HQ,18/09/2020 12:36,19/09/2020 09:56,Leeds Fleet Account,8.816,21:20:06,0,8.816
46904,577,UK-HBN-EB100A,Knowsthorpe HQ,18/09/2020 12:38,19/09/2020 09:53,Leeds Fleet Account,17.116,21:15:07,0,17.116
46909,660,UK-HBN-EB41A,Knowsthorpe Refuse A,18/09/2020 12:55,18/09/2020 16:30,Leeds Fleet Account,8.824,03:35:21,0,8.824
46910,578,UK-HBN-EB100B,Knowsthorpe HQ,18/09/2020 13:00,19/09/2020 09:24,Leeds Fleet Account,26.741,20:24:49,0,26.741
46911,578,UK-HBN-EB100B,Knowsthorpe HQ,18/09/2020 13:03,19/09/2020 08:42,Leeds Fleet Account,18.772,19:38:29,0,18.772
46928,560,UK-HBN-EB39B,Westland Road,18/09/2020 14:18,21/09/2020 07:12,Leeds Fleet Account,17.455,64:53:34,0,17.455
46944,559,UK-HBN-EB39A,Westland Road,18/09/2020 15:11,21/09/2020 06:31,Leeds Fleet Account,10.038,63:20:02,0,10.038
46957,562,UK-HBN-EB59,Print Unit Limewood Approach,18/09/2020 15:47,21/09/2020 06:35,Leeds Fleet Account,29.497,62:47:56,0,29.497
47406,591,UK-HBN-EB150C,Fleet Services,18/09/2020 20:17,18/09/2020 20:30,Leeds Fleet Account,0.19,00:13:11,4600,4600.19
46982,601,UK-HBN-EB141A,Henshaw 1,19/09/2020 11:20,19/09/2020 16:07,Leeds Fleet Account,8.372,04:47:18,0,8.372
46985,578,UK-HBN-EB100B,Knowsthorpe HQ,19/09/2020 12:09,19/09/2020 12:27,Leeds Fleet Account,1.986,00:17:37,0,1.986
46990,577,UK-HBN-EB100A,Knowsthorpe HQ,19/09/2020 12:55,20/09/2020 08:59,Leeds Fleet Account,12.825,20:04:41,0,12.825
46991,578,UK-HBN-EB100B,Knowsthorpe HQ,19/09/2020 13:02,20/09/2020 09:26,Leeds Fleet Account,13.809,20:24:28,0,13.809
46992,575,UK-HBN-EB99B,Knowsthorpe HQ,19/09/2020 13:15,20/09/2020 10:05,Leeds Fleet Account,11.989,20:49:56,0,11.989
46993,578,UK-HBN-EB100B,Knowsthorpe HQ,19/09/2020 13:40,20/09/2020 09:59,Leeds Fleet Account,22.066,20:19:28,0,22.066
47026,577,UK-HBN-EB100A,Knowsthorpe HQ,20/09/2020 12:17,21/09/2020 08:37,Leeds Fleet Account,11.003,20:19:36,0,11.003
47028,575,UK-HBN-EB99B,Knowsthorpe HQ,20/09/2020 13:18,21/09/2020 09:35,Leeds Fleet Account,13.882,20:17:18,0,13.882
47030,578,UK-HBN-EB100B,Knowsthorpe HQ,20/09/2020 13:24,21/09/2020 09:14,Leeds Fleet Account,25.368,19:50:35,0,25.368
47054,661,UK-HBN-EB41B,Knowsthorpe Refuse B,21/09/2020 04:34,21/09/2020 08:42,Leeds Fleet Account,11.989,04:07:36,0,11.989
47057,602,UK-HBN-EB141B,Henshaw 2,21/09/2020 05:37,21/09/2020 07:04,Leeds Fleet Account,4.867,01:26:36,0,4.867
47075,550,UK-HBN-EB34,Millshaw Park Way,21/09/2020 07:30,21/09/2020 13:29,Leeds Fleet Account,14.637,05:58:27,0,14.637
47095,559,UK-HBN-EB39A,Westland Road,21/09/2020 08:53,21/09/2020 08:53,Leeds Fleet Account,0,00:00:04,0,0
47096,559,UK-HBN-EB39A,Westland Road,21/09/2020 08:54,21/09/2020 12:57,Leeds Fleet Account,5.859,04:03:19,0,5.859
47146,661,UK-HBN-EB41B,Knowsthorpe Refuse B,21/09/2020 10:57,21/09/2020 12:36,Leeds Fleet Account,11.693,01:38:50,0,11.693
47157,578,UK-HBN-EB100B,Knowsthorpe HQ,21/09/2020 12:40,22/09/2020 09:56,Leeds Fleet Account,18.576,21:16:03,0,18.576
47158,575,UK-HBN-EB99B,Knowsthorpe HQ,21/09/2020 12:51,22/09/2020 08:56,Leeds Fleet Account,8.807,20:05:07,0,8.807
47160,550,UK-HBN-EB34,Millshaw Park Way,21/09/2020 12:52,21/09/2020 12:52,Leeds Fleet Account,0,00:00:16,0,0
47161,550,UK-HBN-EB34,Millshaw Park Way,21/09/2020 12:53,22/09/2020 12:40,Leeds Fleet Account,17.701,23:47:13,0,17.701
47167,616,UK-HBN-EB35,Discovery Centre,21/09/2020 13:01,22/09/2020 08:08,Leeds Fleet Account,10.005,19:07:29,0,10.005
47176,560,UK-HBN-EB39B,Westland Road,21/09/2020 14:25,22/09/2020 06:56,Leeds Fleet Account,15.372,16:30:33,0,15.372
47185,559,UK-HBN-EB39A,Westland Road,21/09/2020 15:03,22/09/2020 06:31,Leeds Fleet Account,6.457,15:27:23,0,6.457
47184,559,UK-HBN-EB39A,Westland Road,21/09/2020 15:03,21/09/2020 15:03,Leeds Fleet Account,0,00:00:06,0,0
47192,552,UK-HBN-EB36,St George House - Great George Street,21/09/2020 15:34,22/09/2020 08:00,Leeds Fleet Account,1.707,16:25:46,0,1.707
47193,602,UK-HBN-EB141B,Henshaw 2,21/09/2020 15:38,23/09/2020 05:55,Leeds Fleet Account,27.842,38:16:42,0,27.842
47216,661,UK-HBN-EB41B,Knowsthorpe Refuse B,22/09/2020 04:31,22/09/2020 13:15,Leeds Fleet Account,8.884,08:44:12,0,8.884
47228,562,UK-HBN-EB59,Print Unit Limewood Approach,22/09/2020 06:56,22/09/2020 15:31,Leeds Fleet Account,21.008,08:35:14,0,21.008
47230,577,UK-HBN-EB100A,Knowsthorpe HQ,22/09/2020 07:01,22/09/2020 09:14,Leeds Fleet Account,7.145,02:12:16,0,7.145
47231,560,UK-HBN-EB39B,Westland Road,22/09/2020 07:15,22/09/2020 07:53,Leeds Fleet Account,4.148,00:38:46,0,4.148
47233,660,UK-HBN-EB41A,Knowsthorpe Refuse A,22/09/2020 07:21,22/09/2020 13:12,Leeds Fleet Account,7.946,05:51:12,0,7.946
47239,659,UK-HBN-EB42B,Knowsthorpe Refuse B,22/09/2020 08:06,22/09/2020 09:52,Leeds Fleet Account,12.501,01:45:25,0,12.501
47244,578,UK-HBN-EB100B,Knowsthorpe HQ,22/09/2020 08:38,22/09/2020 09:00,Leeds Fleet Account,2.476,00:21:40,0,2.476
47250,559,UK-HBN-EB39A,Westland Road,22/09/2020 09:29,22/09/2020 12:01,Leeds Fleet Account,15.363,02:32:04,0,15.363
47251,560,UK-HBN-EB39B,Westland Road,22/09/2020 09:50,22/09/2020 12:20,Leeds Fleet Account,9.39,02:30:19,0,9.39
47252,658,UK-HBN-EB42A,Knowsthorpe Refuse A,22/09/2020 09:57,22/09/2020 12:54,Leeds Fleet Account,14.174,02:56:13,0,14.174
47254,601,UK-HBN-EB141A,Henshaw 1,22/09/2020 10:24,22/09/2020 10:33,Leeds Fleet Account,0.546,00:09:12,0,0.546
47259,601,UK-HBN-EB141A,Henshaw 1,22/09/2020 10:54,22/09/2020 13:33,Leeds Fleet Account,6.389,02:38:57,0,6.389
47272,659,UK-HBN-EB42B,Knowsthorpe Refuse B,22/09/2020 12:31,22/09/2020 16:02,Leeds Fleet Account,25.195,03:30:53,0,25.195
47273,578,UK-HBN-EB100B,Knowsthorpe HQ,22/09/2020 12:35,23/09/2020 09:22,Leeds Fleet Account,16.448,20:46:53,0,16.448
47274,578,UK-HBN-EB100B,Knowsthorpe HQ,22/09/2020 12:38,23/09/2020 09:18,Leeds Fleet Account,12.432,20:39:47,0,12.432
47275,575,UK-HBN-EB99B,Knowsthorpe HQ,22/09/2020 12:40,23/09/2020 09:24,Leeds Fleet Account,8.322,20:44:11,0,8.322
47276,555,UK-HBN-EB37A,Farnley Hall,22/09/2020 12:44,23/09/2020 11:30,Leeds Fleet Account,5.935,22:46:14,0,5.935
47287,577,UK-HBN-EB100A,Knowsthorpe HQ,22/09/2020 13:35,23/09/2020 08:54,Leeds Fleet Account,11.027,19:18:52,0,11.027
47288,616,UK-HBN-EB35,Discovery Centre,22/09/2020 13:50,24/09/2020 07:42,Leeds Fleet Account,9.869,41:52:38,0,9.869
47302,560,UK-HBN-EB39B,Westland Road,22/09/2020 14:56,23/09/2020 07:00,Leeds Fleet Account,15.472,16:03:38,0,15.472
47305,562,UK-HBN-EB59,Print Unit Limewood Approach,22/09/2020 14:59,22/09/2020 15:40,Leeds Fleet Account,4.289,00:40:30,0,4.289
47306,559,UK-HBN-EB39A,Westland Road,22/09/2020 15:08,24/09/2020 06:25,Leeds Fleet Account,11.155,39:17:06,0,11.155
47349,553,UK-HBN-EB37B,Farnley Hall,23/09/2020 06:32,23/09/2020 15:18,Leeds Fleet Account,25.073,08:46:14,0,25.073
47354,562,UK-HBN-EB59,Print Unit Limewood Approach,23/09/2020 06:59,23/09/2020 08:14,Leeds Fleet Account,7.855,01:15:02,0,7.855
47357,562,UK-HBN-EB59,Print Unit Limewood Approach,23/09/2020 07:05,23/09/2020 12:54,Leeds Fleet Account,15.477,05:49:04,0,15.477
47374,661,UK-HBN-EB41B,Knowsthorpe Refuse B,23/09/2020 08:41,23/09/2020 09:12,Leeds Fleet Account,3.623,00:30:56,0,3.623
47381,601,UK-HBN-EB141A,Henshaw 1,23/09/2020 09:41,25/09/2020 09:16,Leeds Fleet Account,33.229,47:35:15,0,33.229
47384,660,UK-HBN-EB41A,Knowsthorpe Refuse A,23/09/2020 10:00,23/09/2020 11:53,Leeds Fleet Account,13.588,01:53:34,0,13.588
47387,661,UK-HBN-EB41B,Knowsthorpe Refuse B,23/09/2020 10:38,23/09/2020 12:28,Leeds Fleet Account,13.063,01:50:18,0,13.063
47399,658,UK-HBN-EB42A,Knowsthorpe Refuse A,23/09/2020 11:27,23/09/2020 12:59,Leeds Fleet Account,10.903,01:31:28,0,10.903
47405,660,UK-HBN-EB41A,Knowsthorpe Refuse A,23/09/2020 12:21,23/09/2020 16:06,Leeds Fleet Account,16.873,03:44:50,0,16.873
47408,578,UK-HBN-EB100B,Knowsthorpe HQ,23/09/2020 12:37,24/09/2020 08:23,Leeds Fleet Account,13.752,19:45:53,0,13.752
47411,578,UK-HBN-EB100B,Knowsthorpe HQ,23/09/2020 12:43,23/09/2020 13:15,Leeds Fleet Account,3.547,00:31:39,0,3.547
47410,575,UK-HBN-EB99B,Knowsthorpe HQ,23/09/2020 12:43,24/09/2020 09:07,Leeds Fleet Account,10.496,20:23:43,0,10.496
47412,575,UK-HBN-EB99B,Knowsthorpe HQ,23/09/2020 12:44,24/09/2020 08:29,Leeds Fleet Account,26.042,19:45:02,0,26.042
47413,562,UK-HBN-EB59,Print Unit Limewood Approach,23/09/2020 12:47,23/09/2020 15:08,Leeds Fleet Account,14.566,02:20:26,0,14.566
47414,577,UK-HBN-EB100A,Knowsthorpe HQ,23/09/2020 12:59,24/09/2020 09:07,Leeds Fleet Account,13.578,20:08:01,0,13.578
47431,555,UK-HBN-EB37A,Farnley Hall,23/09/2020 13:55,24/09/2020 11:41,Leeds Fleet Account,10.189,21:45:33,0,10.189
47433,560,UK-HBN-EB39B,Westland Road,23/09/2020 14:21,24/09/2020 07:15,Leeds Fleet Account,25.95,16:53:27,0,25.95
47437,602,UK-HBN-EB141B,Henshaw 2,23/09/2020 14:42,24/09/2020 07:56,Leeds Fleet Account,10.132,17:13:34,0,10.132
47482,658,UK-HBN-EB42A,Knowsthorpe Refuse A,24/09/2020 04:41,24/09/2020 12:13,Leeds Fleet Account,16.461,07:31:26,0,16.461
47487,603,UK-HBN-EB142,Henshaw 3,24/09/2020 06:18,24/09/2020 12:53,Leeds Fleet Account,13.047,06:34:42,0,13.047
47489,553,UK-HBN-EB37B,Farnley Hall,24/09/2020 06:22,24/09/2020 10:23,Leeds Fleet Account,18.808,04:00:51,0,18.808
47491,553,UK-HBN-EB37B,Farnley Hall,24/09/2020 06:30,24/09/2020 15:02,Leeds Fleet Account,29.778,08:31:41,0,29.778
47497,562,UK-HBN-EB59,Print Unit Limewood Approach,24/09/2020 07:13,24/09/2020 08:28,Leeds Fleet Account,7.834,01:14:16,0,7.834
47498,562,UK-HBN-EB59,Print Unit Limewood Approach,24/09/2020 07:14,24/09/2020 15:45,Leeds Fleet Account,24.769,08:31:28,0,24.769
47501,658,UK-HBN-EB42A,Knowsthorpe Refuse A,24/09/2020 07:31,24/09/2020 10:41,Leeds Fleet Account,20.278,03:09:39,0,20.278
47504,550,UK-HBN-EB34,Millshaw Park Way,24/09/2020 07:55,24/09/2020 10:40,Leeds Fleet Account,9.856,02:45:22,0,9.856
47518,591,UK-HBN-EB150C,Fleet Services,24/09/2020 08:53,24/09/2020 08:53,Leeds Fleet Account,0,00:00:01,0,0
47522,560,UK-HBN-EB39B,Westland Road,24/09/2020 09:01,24/09/2020 13:06,Leeds Fleet Account,8.647,04:05:17,0,8.647
47525,661,UK-HBN-EB41B,Knowsthorpe Refuse B,24/09/2020 09:13,24/09/2020 11:49,Leeds Fleet Account,5.216,02:35:51,0,5.216
47528,660,UK-HBN-EB41A,Knowsthorpe Refuse A,24/09/2020 09:31,24/09/2020 09:31,Leeds Fleet Account,0,00:00:15,0,0
47529,660,UK-HBN-EB41A,Knowsthorpe Refuse A,24/09/2020 09:33,24/09/2020 09:57,Leeds Fleet Account,2.577,00:23:28,0,2.577
47530,603,UK-HBN-EB142,Henshaw 3,24/09/2020 09:45,26/09/2020 07:23,Leeds Fleet Account,8.075,45:37:32,0,8.075
47549,660,UK-HBN-EB41A,Knowsthorpe Refuse A,24/09/2020 11:43,24/09/2020 12:34,Leeds Fleet Account,6.009,00:50:50,0,6.009
47552,578,UK-HBN-EB100B,Knowsthorpe HQ,24/09/2020 12:38,25/09/2020 10:05,Leeds Fleet Account,15.242,21:27:07,0,15.242
47560,577,UK-HBN-EB100A,Knowsthorpe HQ,24/09/2020 12:44,25/09/2020 09:20,Leeds Fleet Account,28.993,20:35:36,0,28.993
47561,575,UK-HBN-EB99B,Knowsthorpe HQ,24/09/2020 12:52,25/09/2020 08:48,Leeds Fleet Account,10.526,19:56:31,0,10.526
47563,575,UK-HBN-EB99B,Knowsthorpe HQ,24/09/2020 12:58,25/09/2020 08:59,Leeds Fleet Account,14.806,20:01:29,0,14.806
47566,616,UK-HBN-EB35,Discovery Centre,24/09/2020 13:38,25/09/2020 07:06,Leeds Fleet Account,11.354,17:28:34,0,11.354
47567,562,UK-HBN-EB59,Print Unit Limewood Approach,24/09/2020 13:47,24/09/2020 14:57,Leeds Fleet Account,7.318,01:10:07,0,7.318
47570,560,UK-HBN-EB39B,Westland Road,24/09/2020 14:27,25/09/2020 07:16,Leeds Fleet Account,22.303,16:48:53,0,22.303
47579,560,UK-HBN-EB39B,Westland Road,24/09/2020 15:09,25/09/2020 06:28,Leeds Fleet Account,6.692,15:19:01,0,6.692
47586,604,UK-HBN-EB143,Henshaw 3,24/09/2020 15:43,25/09/2020 05:56,Leeds Fleet Account,19.865,14:13:21,0,19.865
47609,559,UK-HBN-EB39A,Westland Road,25/09/2020 05:30,25/09/2020 07:34,Leeds Fleet Account,9.441,02:04:24,0,9.441
47616,660,UK-HBN-EB41A,Knowsthorpe Refuse A,25/09/2020 06:14,25/09/2020 07:18,Leeds Fleet Account,7.653,01:04:36,0,7.653
47618,553,UK-HBN-EB37B,Farnley Hall,25/09/2020 06:35,28/09/2020 15:04,Leeds Fleet Account,30.275,80:28:56,0,30.275
47617,562,UK-HBN-EB59,Print Unit Limewood Approach,25/09/2020 06:35,25/09/2020 06:35,Leeds Fleet Account,0,00:00:09,0,0
47619,562,UK-HBN-EB59,Print Unit Limewood Approach,25/09/2020 06:36,25/09/2020 08:01,Leeds Fleet Account,8.867,01:24:56,0,8.867
47622,562,UK-HBN-EB59,Print Unit Limewood Approach,25/09/2020 06:57,25/09/2020 08:01,Leeds Fleet Account,6.663,01:03:32,0,6.663
47632,562,UK-HBN-EB59,Print Unit Limewood Approach,25/09/2020 08:01,25/09/2020 14:24,Leeds Fleet Account,13.255,06:23:17,0,13.255
47640,578,UK-HBN-EB100B,Knowsthorpe HQ,25/09/2020 08:58,25/09/2020 10:06,Leeds Fleet Account,8.076,01:08:10,0,8.076
47641,560,UK-HBN-EB39B,Westland Road,25/09/2020 09:10,25/09/2020 10:56,Leeds Fleet Account,6.989,01:46:23,0,6.989
47648,660,UK-HBN-EB41A,Knowsthorpe Refuse A,25/09/2020 10:11,25/09/2020 12:25,Leeds Fleet Account,14.204,02:13:53,0,14.204
47651,660,UK-HBN-EB41A,Knowsthorpe Refuse A,25/09/2020 10:15,25/09/2020 11:04,Leeds Fleet Account,5.916,00:49:44,0,5.916
47655,616,UK-HBN-EB35,Discovery Centre,25/09/2020 10:23,28/09/2020 08:12,Leeds Fleet Account,5.451,69:48:56,0,5.451
47664,658,UK-HBN-EB42A,Knowsthorpe Refuse A,25/09/2020 11:19,25/09/2020 15:52,Leeds Fleet Account,22.616,04:33:28,0,22.616
47668,559,UK-HBN-EB39A,Westland Road,25/09/2020 12:01,25/09/2020 13:07,Leeds Fleet Account,2.031,01:05:18,0,2.031
47670,661,UK-HBN-EB41B,Knowsthorpe Refuse B,25/09/2020 12:15,25/09/2020 13:15,Leeds Fleet Account,3.396,01:00:07,0,3.396
47672,578,UK-HBN-EB100B,Knowsthorpe HQ,25/09/2020 12:33,26/09/2020 09:15,Leeds Fleet Account,21.15,20:41:42,0,21.15
47674,575,UK-HBN-EB99B,Knowsthorpe HQ,25/09/2020 12:37,26/09/2020 09:44,Leeds Fleet Account,9.991,21:07:19,0,9.991
47680,578,UK-HBN-EB100B,Knowsthorpe HQ,25/09/2020 12:59,26/09/2020 09:11,Leeds Fleet Account,16.034,20:11:45,0,16.034
47683,577,UK-HBN-EB100A,Knowsthorpe HQ,25/09/2020 13:12,26/09/2020 09:29,Leeds Fleet Account,30.686,20:17:13,0,30.686
47684,577,UK-HBN-EB100A,Knowsthorpe HQ,25/09/2020 13:20,26/09/2020 10:06,Leeds Fleet Account,22.499,20:45:28,0,22.499
47697,560,UK-HBN-EB39B,Westland Road,25/09/2020 14:23,28/09/2020 07:00,Leeds Fleet Account,18.462,64:37:05,0,18.462
47703,562,UK-HBN-EB59,Print Unit Limewood Approach,25/09/2020 14:48,25/09/2020 15:24,Leeds Fleet Account,3.804,00:36:04,0,3.804
47708,559,UK-HBN-EB39A,Westland Road,25/09/2020 15:11,28/09/2020 06:34,Leeds Fleet Account,6.505,63:23:33,0,6.505
47732,661,UK-HBN-EB41B,Knowsthorpe Refuse B,26/09/2020 04:36,26/09/2020 11:47,Leeds Fleet Account,17.349,07:10:36,0,17.349
47743,660,UK-HBN-EB41A,Knowsthorpe Refuse A,26/09/2020 09:06,26/09/2020 15:57,Leeds Fleet Account,12.037,06:51:10,0,12.037
47745,578,UK-HBN-EB100B,Knowsthorpe HQ,26/09/2020 09:18,26/09/2020 10:07,Leeds Fleet Account,5.498,00:48:55,0,5.498
47756,578,UK-HBN-EB100B,Knowsthorpe HQ,26/09/2020 12:39,27/09/2020 09:49,Leeds Fleet Account,27.711,21:10:05,0,27.711
47757,577,UK-HBN-EB100A,Knowsthorpe HQ,26/09/2020 12:42,27/09/2020 10:11,Leeds Fleet Account,18.9,21:29:06,0,18.9
47760,578,UK-HBN-EB100B,Knowsthorpe HQ,26/09/2020 13:13,27/09/2020 10:06,Leeds Fleet Account,13.584,20:52:54,0,13.584
47761,575,UK-HBN-EB99B,Knowsthorpe HQ,26/09/2020 13:23,27/09/2020 08:09,Leeds Fleet Account,26.439,18:45:45,0,26.439
47762,577,UK-HBN-EB100A,Knowsthorpe HQ,26/09/2020 13:30,27/09/2020 10:11,Leeds Fleet Account,10.41,20:41:03,0,10.41
47801,578,UK-HBN-EB100B,Knowsthorpe HQ,27/09/2020 12:29,28/09/2020 09:04,Leeds Fleet Account,12.46,20:34:47,0,12.46
47805,578,UK-HBN-EB100B,Knowsthorpe HQ,27/09/2020 13:17,28/09/2020 09:14,Leeds Fleet Account,19.28,19:57:15,0,19.28
47806,577,UK-HBN-EB100A,Knowsthorpe HQ,27/09/2020 13:24,28/09/2020 08:59,Leeds Fleet Account,13.575,19:34:56,0,13.575
47831,661,UK-HBN-EB41B,Knowsthorpe Refuse B,28/09/2020 04:24,28/09/2020 06:57,Leeds Fleet Account,16.898,02:32:18,0,16.898
47832,560,UK-HBN-EB39B,Westland Road,28/09/2020 05:34,28/09/2020 06:17,Leeds Fleet Account,4.584,00:43:19,0,4.584
47835,601,UK-HBN-EB141A,Henshaw 1,28/09/2020 06:14,28/09/2020 06:21,Leeds Fleet Account,0.405,00:06:48,0,0.405
47838,601,UK-HBN-EB141A,Henshaw 1,28/09/2020 06:33,28/09/2020 08:56,Leeds Fleet Account,7.885,02:23:45,0,7.885
47840,563,UK-HBN-EB62,Print Unit Limewood Approach,28/09/2020 06:50,28/09/2020 12:26,Leeds Fleet Account,23.381,05:36:11,0,23.381
47846,550,UK-HBN-EB34,Millshaw Park Way,28/09/2020 07:29,28/09/2020 10:49,Leeds Fleet Account,11.817,03:19:55,0,11.817
47855,560,UK-HBN-EB39B,Westland Road,28/09/2020 08:02,28/09/2020 08:36,Leeds Fleet Account,3.681,00:33:55,0,3.681
47857,658,UK-HBN-EB42A,Knowsthorpe Refuse A,28/09/2020 08:09,28/09/2020 11:20,Leeds Fleet Account,12.391,03:11:51,0,12.391
47866,616,UK-HBN-EB35,Discovery Centre,28/09/2020 09:20,29/09/2020 08:02,Leeds Fleet Account,3.038,22:42:02,0,3.038
47871,559,UK-HBN-EB39A,Westland Road,28/09/2020 09:51,28/09/2020 12:22,Leeds Fleet Account,11.859,02:31:12,0,11.859
47872,660,UK-HBN-EB41A,Knowsthorpe Refuse A,28/09/2020 09:57,28/09/2020 12:52,Leeds Fleet Account,12.198,02:54:50,0,12.198
47879,562,UK-HBN-EB59,Print Unit Limewood Approach,28/09/2020 11:38,28/09/2020 15:39,Leeds Fleet Account,22.544,04:00:16,0,22.544
47885,578,UK-HBN-EB100B,Knowsthorpe HQ,28/09/2020 12:35,29/09/2020 09:51,Leeds Fleet Account,24.304,21:15:11,0,24.304
47886,578,UK-HBN-EB100B,Knowsthorpe HQ,28/09/2020 12:55,29/09/2020 09:40,Leeds Fleet Account,9.943,20:45:00,0,9.943
47888,577,UK-HBN-EB100A,Knowsthorpe HQ,28/09/2020 13:18,29/09/2020 09:39,Leeds Fleet Account,16.063,20:21:17,0,16.063
47889,575,UK-HBN-EB99B,Knowsthorpe HQ,28/09/2020 13:24,29/09/2020 09:10,Leeds Fleet Account,28.846,19:46:31,0,28.846
47892,560,UK-HBN-EB39B,Westland Road,28/09/2020 14:26,29/09/2020 06:36,Leeds Fleet Account,16.358,16:09:50,0,16.358
47898,559,UK-HBN-EB39A,Westland Road,28/09/2020 15:12,29/09/2020 06:32,Leeds Fleet Account,9.319,15:19:56,0,9.319
47907,604,UK-HBN-EB143,Henshaw 3,28/09/2020 15:48,29/09/2020 05:52,Leeds Fleet Account,18.784,14:03:42,0,18.784
47938,601,UK-HBN-EB141A,Henshaw 1,29/09/2020 04:33,29/09/2020 09:35,Leeds Fleet Account,12.624,05:02:00,0,12.624
47939,560,UK-HBN-EB39B,Westland Road,29/09/2020 05:26,29/09/2020 07:49,Leeds Fleet Account,9.75,02:22:40,0,9.75
47944,553,UK-HBN-EB37B,Farnley Hall,29/09/2020 06:42,29/09/2020 10:04,Leeds Fleet Account,22.118,03:21:51,0,22.118
47945,562,UK-HBN-EB59,Print Unit Limewood Approach,29/09/2020 07:01,29/09/2020 10:17,Leeds Fleet Account,18.913,03:16:03,0,18.913
47972,577,UK-HBN-EB100A,Knowsthorpe HQ,29/09/2020 09:40,29/09/2020 10:01,Leeds Fleet Account,0,00:21:19,0,0
